station_id,year,country_code,country_name,latitude,longitude,name,annual_temperature
ARM00087506,1961,AR,Argentina,-35.494,-69.574,MALARGUE,10.417142857142858
ARM00087506,1962,AR,Argentina,-35.494,-69.574,MALARGUE,12.285000000000002
ARM00087506,1963,AR,Argentina,-35.494,-69.574,MALARGUE,11.209999999999999
ARM00087506,1964,AR,Argentina,-35.494,-69.574,MALARGUE,11.801666666666668
ARM00087506,1965,AR,Argentina,-35.494,-69.574,MALARGUE,12.118333333333334
ARM00087506,1966,AR,Argentina,-35.494,-69.574,MALARGUE,12.068333333333333
ARM00087506,1967,AR,Argentina,-35.494,-69.574,MALARGUE,11.943333333333333
ARM00087506,1968,AR,Argentina,-35.494,-69.574,MALARGUE,13.575454545454546
ARM00087506,1969,AR,Argentina,-35.494,-69.574,MALARGUE,12.86
ARM00087506,1970,AR,Argentina,-35.494,-69.574,MALARGUE,12.543333333333335
ARM00087506,1971,AR,Argentina,-35.494,-69.574,MALARGUE,12.376666666666667
ARM00087506,1972,AR,Argentina,-35.494,-69.574,MALARGUE,11.850909090909092
ARM00087506,1973,AR,Argentina,-35.494,-69.574,MALARGUE,13.03
ARM00087506,1974,AR,Argentina,-35.494,-69.574,MALARGUE,11.627272727272727
ARM00087506,1975,AR,Argentina,-35.494,-69.574,MALARGUE,11.859166666666667
ARM00087506,1976,AR,Argentina,-35.494,-69.574,MALARGUE,11.638333333333334
ARM00087506,1977,AR,Argentina,-35.494,-69.574,MALARGUE,15.459999999999999
ARM00087506,1979,AR,Argentina,-35.494,-69.574,MALARGUE,17.14
ARM00087506,1980,AR,Argentina,-35.494,-69.574,MALARGUE,12.114545454545453
ARM00087506,1981,AR,Argentina,-35.494,-69.574,MALARGUE,12.661666666666667
ARM00087506,1982,AR,Argentina,-35.494,-69.574,MALARGUE,14.149000000000001
ARM00087506,1983,AR,Argentina,-35.494,-69.574,MALARGUE,10.338
ARM00087506,1985,AR,Argentina,-35.494,-69.574,MALARGUE,11.157
ARM00087506,1986,AR,Argentina,-35.494,-69.574,MALARGUE,12.387500000000001
ARM00087506,1987,AR,Argentina,-35.494,-69.574,MALARGUE,12.539166666666667
ARM00087506,1988,AR,Argentina,-35.494,-69.574,MALARGUE,10.424444444444445
ARM00087506,1990,AR,Argentina,-35.494,-69.574,MALARGUE,10.4
ARM00087506,1991,AR,Argentina,-35.494,-69.574,MALARGUE,12.094166666666666
ARM00087506,1992,AR,Argentina,-35.494,-69.574,MALARGUE,11.900833333333333
ARM00087506,1993,AR,Argentina,-35.494,-69.574,MALARGUE,12.203333333333333
ARM00087506,1994,AR,Argentina,-35.494,-69.574,MALARGUE,14.104999999999999
ARM00087506,1996,AR,Argentina,-35.494,-69.574,MALARGUE,10.362857142857141
ARM00087506,1997,AR,Argentina,-35.494,-69.574,MALARGUE,12.6075
ARM00087506,1998,AR,Argentina,-35.494,-69.574,MALARGUE,12.374166666666667
ARM00087506,1999,AR,Argentina,-35.494,-69.574,MALARGUE,11.955
ARM00087506,2000,AR,Argentina,-35.494,-69.574,MALARGUE,11.8725
ARM00087506,2001,AR,Argentina,-35.494,-69.574,MALARGUE,12.708333333333334
ARM00087506,2002,AR,Argentina,-35.494,-69.574,MALARGUE,11.923333333333332
ARM00087506,2003,AR,Argentina,-35.494,-69.574,MALARGUE,12.979999999999999
ARM00087506,2004,AR,Argentina,-35.494,-69.574,MALARGUE,12.2875
ARM00087506,2005,AR,Argentina,-35.494,-69.574,MALARGUE,11.691666666666668
ARM00087506,2006,AR,Argentina,-35.494,-69.574,MALARGUE,12.457500000000001
ARM00087506,2007,AR,Argentina,-35.494,-69.574,MALARGUE,12.151666666666666
ARM00087506,2008,AR,Argentina,-35.494,-69.574,MALARGUE,12.953333333333333
ARM00087506,2009,AR,Argentina,-35.494,-69.574,MALARGUE,12.865
ARM00087506,2010,AR,Argentina,-35.494,-69.574,MALARGUE,12.359166666666667
ARM00087506,2011,AR,Argentina,-35.494,-69.574,MALARGUE,12.379166666666668
ARM00087506,2012,AR,Argentina,-35.494,-69.574,MALARGUE,12.953333333333333
ARM00087506,2013,AR,Argentina,-35.494,-69.574,MALARGUE,12.475833333333334
ARM00087506,2014,AR,Argentina,-35.494,-69.574,MALARGUE,19.735
ARM00087506,2016,AR,Argentina,-35.494,-69.574,MALARGUE,11.981818181818182
ARM00087506,2017,AR,Argentina,-35.494,-69.574,MALARGUE,12.891666666666666
ARM00087506,2018,AR,Argentina,-35.494,-69.574,MALARGUE,12.754166666666668
ARM00087506,2019,AR,Argentina,-35.494,-69.574,MALARGUE,13.0875
ARM00087506,2020,AR,Argentina,-35.494,-69.574,MALARGUE,13.404166666666667
ARM00087506,2021,AR,Argentina,-35.494,-69.574,MALARGUE,12.395454545454545
ARM00087506,2022,AR,Argentina,-35.494,-69.574,MALARGUE,12.8125
ARM00087506,2023,AR,Argentina,-35.494,-69.574,MALARGUE,13.25
ARM00087506,2024,AR,Argentina,-35.494,-69.574,MALARGUE,13.174999999999999
ARM00087506,2025,AR,Argentina,-35.494,-69.574,MALARGUE,12.538888888888888
ARXLT417177,1961,AR,Argentina,-27.75,-57.63,GENERAL_PAZ,24.69333333333333
ARXLT417177,1962,AR,Argentina,-27.75,-57.63,GENERAL_PAZ,20.958333333333332
ARXLT417177,1963,AR,Argentina,-27.75,-57.63,GENERAL_PAZ,22.930909090909093
ARXLT417177,1964,AR,Argentina,-27.75,-57.63,GENERAL_PAZ,20.906666666666666
ARXLT417177,1965,AR,Argentina,-27.75,-57.63,GENERAL_PAZ,21.608333333333334
ARXLT417177,1966,AR,Argentina,-27.75,-57.63,GENERAL_PAZ,21.5475
ARXLT417177,1967,AR,Argentina,-27.75,-57.63,GENERAL_PAZ,21.93416666666667
ARXLT417177,1968,AR,Argentina,-27.75,-57.63,GENERAL_PAZ,21.675833333333333
ARXLT417177,1969,AR,Argentina,-27.75,-57.63,GENERAL_PAZ,21.119999999999997
ARXLT417177,1970,AR,Argentina,-27.75,-57.63,GENERAL_PAZ,22.7825
ARXLT417177,1971,AR,Argentina,-27.75,-57.63,GENERAL_PAZ,21.65416666666667
ARXLT417177,1972,AR,Argentina,-27.75,-57.63,GENERAL_PAZ,23.04
ARXLT417177,1973,AR,Argentina,-27.75,-57.63,GENERAL_PAZ,24.445714285714285
ARXLT417177,1974,AR,Argentina,-27.75,-57.63,GENERAL_PAZ,21.563333333333333
ARXLT417177,1975,AR,Argentina,-27.75,-57.63,GENERAL_PAZ,21.7775
ARXLT417177,1976,AR,Argentina,-27.75,-57.63,GENERAL_PAZ,21.2575
ARXLT417177,1977,AR,Argentina,-27.75,-57.63,GENERAL_PAZ,22.9025
ARXLT417177,1978,AR,Argentina,-27.75,-57.63,GENERAL_PAZ,22.028333333333336
ARXLT417177,1979,AR,Argentina,-27.75,-57.63,GENERAL_PAZ,21.5975
ARXLT417177,1980,AR,Argentina,-27.75,-57.63,GENERAL_PAZ,22.130000000000003
ARXLT417177,1981,AR,Argentina,-27.75,-57.63,GENERAL_PAZ,22.255
ARXLT417177,1982,AR,Argentina,-27.75,-57.63,GENERAL_PAZ,22.2825
ARXLT417177,1983,AR,Argentina,-27.75,-57.63,GENERAL_PAZ,21.328181818181818
ARXLT417177,1984,AR,Argentina,-27.75,-57.63,GENERAL_PAZ,28.37
ARXLT417177,1985,AR,Argentina,-27.75,-57.63,GENERAL_PAZ,26.066666666666666
ARXLT417177,1986,AR,Argentina,-27.75,-57.63,GENERAL_PAZ,22.6775
ARXLT417177,1987,AR,Argentina,-27.75,-57.63,GENERAL_PAZ,21.603333333333335
ARXLT417177,1988,AR,Argentina,-27.75,-57.63,GENERAL_PAZ,22.21666666666667
ARXLT417177,1989,AR,Argentina,-27.75,-57.63,GENERAL_PAZ,21.275454545454547
ARXLT417177,1990,AR,Argentina,-27.75,-57.63,GENERAL_PAZ,26.275
ARXLT811415,1969,AR,Argentina,-31.5,-68.7,SAN_JUANARGWAS_873120,8.0
ARXLT811415,1970,AR,Argentina,-31.5,-68.7,SAN_JUANARGWAS_873120,22.3
ARXLT811415,1971,AR,Argentina,-31.5,-68.7,SAN_JUANARGWAS_873120,17.8
ARXLT811415,1972,AR,Argentina,-31.5,-68.7,SAN_JUANARGWAS_873120,17.754545454545454
ARXLT811415,1973,AR,Argentina,-31.5,-68.7,SAN_JUANARGWAS_873120,18.66
ARXLT811415,1974,AR,Argentina,-31.5,-68.7,SAN_JUANARGWAS_873120,17.325
ARXLT811415,1975,AR,Argentina,-31.5,-68.7,SAN_JUANARGWAS_873120,16.709090909090907
ARXLT811415,1976,AR,Argentina,-31.5,-68.7,SAN_JUANARGWAS_873120,17.73
ARXLT811415,1977,AR,Argentina,-31.5,-68.7,SAN_JUANARGWAS_873120,17.645454545454545
ARXLT811415,1978,AR,Argentina,-31.5,-68.7,SAN_JUANARGWAS_873120,18.016666666666666
ARXLT811415,1979,AR,Argentina,-31.5,-68.7,SAN_JUANARGWAS_873120,17.55
ARXLT811415,1980,AR,Argentina,-31.5,-68.7,SAN_JUANARGWAS_873120,18.066666666666666
ARXLT811415,1981,AR,Argentina,-31.5,-68.7,SAN_JUANARGWAS_873120,18.0
ARXLT811415,1982,AR,Argentina,-31.5,-68.7,SAN_JUANARGWAS_873120,18.158333333333335
ARXLT811415,1983,AR,Argentina,-31.5,-68.7,SAN_JUANARGWAS_873120,17.78181818181818
ARXLT811415,1984,AR,Argentina,-31.5,-68.7,SAN_JUANARGWAS_873120,15.180000000000001
ARXLT811415,1985,AR,Argentina,-31.5,-68.7,SAN_JUANARGWAS_873120,14.051428571428572
ARXLT811415,1986,AR,Argentina,-31.5,-68.7,SAN_JUANARGWAS_873120,16.0175
ARXLT811415,1987,AR,Argentina,-31.5,-68.7,SAN_JUANARGWAS_873120,17.888333333333332
ARXLT811415,1988,AR,Argentina,-31.5,-68.7,SAN_JUANARGWAS_873120,17.06888888888889
ARXLT811415,1989,AR,Argentina,-31.5,-68.7,SAN_JUANARGWAS_873120,16.89
ARXLT811415,1990,AR,Argentina,-31.5,-68.7,SAN_JUANARGWAS_873120,18.654545454545453
ARXLT811415,1991,AR,Argentina,-31.5,-68.7,SAN_JUANARGWAS_873120,17.382857142857144
ARXLT811415,1992,AR,Argentina,-31.5,-68.7,SAN_JUANARGWAS_873120,14.851111111111111
ARXLT811415,1993,AR,Argentina,-31.5,-68.7,SAN_JUANARGWAS_873120,17.988
ARXLT811415,1994,AR,Argentina,-31.5,-68.7,SAN_JUANARGWAS_873120,18.763636363636365
ARXLT811415,1995,AR,Argentina,-31.5,-68.7,SAN_JUANARGWAS_873120,19.66
ARXLT811415,1996,AR,Argentina,-31.5,-68.7,SAN_JUANARGWAS_873120,17.833333333333332
ARXLT811415,1997,AR,Argentina,-31.5,-68.7,SAN_JUANARGWAS_873120,17.7
ARXLT811415,1998,AR,Argentina,-31.5,-68.7,SAN_JUANARGWAS_873120,16.936363636363637
ARXLT811415,1999,AR,Argentina,-31.5,-68.7,SAN_JUANARGWAS_873120,19.7625
ARXLT811415,2001,AR,Argentina,-31.5,-68.7,SAN_JUANARGWAS_873120,17.599999999999998
ARXLT811415,2002,AR,Argentina,-31.5,-68.7,SAN_JUANARGWAS_873120,18.125
ARXLT811415,2003,AR,Argentina,-31.5,-68.7,SAN_JUANARGWAS_873120,17.963636363636365
ARXLT811415,2004,AR,Argentina,-31.5,-68.7,SAN_JUANARGWAS_873120,18.041666666666668
ARXLT811415,2005,AR,Argentina,-31.5,-68.7,SAN_JUANARGWAS_873120,18.527272727272727
ARXLT811415,2006,AR,Argentina,-31.5,-68.7,SAN_JUANARGWAS_873120,18.436363636363637
ARXLT811415,2007,AR,Argentina,-31.5,-68.7,SAN_JUANARGWAS_873120,17.645454545454545
ARXLT811415,2008,AR,Argentina,-31.5,-68.7,SAN_JUANARGWAS_873120,18.275
ARXLT811415,2009,AR,Argentina,-31.5,-68.7,SAN_JUANARGWAS_873120,18.658333333333335
ARXLT811415,2010,AR,Argentina,-31.5,-68.7,SAN_JUANARGWAS_873120,17.958333333333332
ARXLT811415,2011,AR,Argentina,-31.5,-68.7,SAN_JUANARGWAS_873120,17.8
ARXLT811415,2012,AR,Argentina,-31.5,-68.7,SAN_JUANARGWAS_873120,18.341666666666665
ARXLT811415,2013,AR,Argentina,-31.5,-68.7,SAN_JUANARGWAS_873120,16.77
AU000005010,1950,AU,Austria,48.05,14.1331,KREMSMUENSTER,9.3075
AU000005010,1951,AU,Austria,48.05,14.1331,KREMSMUENSTER,9.235833333333334
AU000005010,1952,AU,Austria,48.05,14.1331,KREMSMUENSTER,8.5175
AU000005010,1953,AU,Austria,48.05,14.1331,KREMSMUENSTER,8.853333333333333
AU000005010,1954,AU,Austria,48.05,14.1331,KREMSMUENSTER,7.696666666666666
AU000005010,1955,AU,Austria,48.05,14.1331,KREMSMUENSTER,7.930833333333333
AU000005010,1956,AU,Austria,48.05,14.1331,KREMSMUENSTER,7.3525
AU000005010,1957,AU,Austria,48.05,14.1331,KREMSMUENSTER,8.735833333333334
AU000005010,1958,AU,Austria,48.05,14.1331,KREMSMUENSTER,8.621666666666668
AU000005010,1959,AU,Austria,48.05,14.1331,KREMSMUENSTER,8.859166666666667
AU000005010,1960,AU,Austria,48.05,14.1331,KREMSMUENSTER,8.584166666666667
AU000005010,1961,AU,Austria,48.05,14.1331,KREMSMUENSTER,9.239166666666668
AU000005010,1962,AU,Austria,48.05,14.1331,KREMSMUENSTER,7.598333333333334
AU000005010,1963,AU,Austria,48.05,14.1331,KREMSMUENSTER,7.600833333333333
AU000005010,1964,AU,Austria,48.05,14.1331,KREMSMUENSTER,7.988333333333333
AU000005010,1965,AU,Austria,48.05,14.1331,KREMSMUENSTER,8.06
AU000005010,1966,AU,Austria,48.05,14.1331,KREMSMUENSTER,9.2025
AU000005010,1967,AU,Austria,48.05,14.1331,KREMSMUENSTER,9.183333333333334
AU000005010,1968,AU,Austria,48.05,14.1331,KREMSMUENSTER,8.739166666666668
AU000005010,1969,AU,Austria,48.05,14.1331,KREMSMUENSTER,8.418333333333335
AU000005010,1970,AU,Austria,48.05,14.1331,KREMSMUENSTER,8.535833333333334
AU000005010,1971,AU,Austria,48.05,14.1331,KREMSMUENSTER,8.853333333333333
AU000005010,1972,AU,Austria,48.05,14.1331,KREMSMUENSTER,8.303333333333333
AU000005010,1973,AU,Austria,48.05,14.1331,KREMSMUENSTER,8.680833333333334
AU000005010,1974,AU,Austria,48.05,14.1331,KREMSMUENSTER,9.371666666666668
AU000005010,1975,AU,Austria,48.05,14.1331,KREMSMUENSTER,9.103333333333333
AU000005010,1976,AU,Austria,48.05,14.1331,KREMSMUENSTER,8.915000000000001
AU000005010,1977,AU,Austria,48.05,14.1331,KREMSMUENSTER,9.421666666666667
AU000005010,1978,AU,Austria,48.05,14.1331,KREMSMUENSTER,8.190833333333332
AU000005010,1979,AU,Austria,48.05,14.1331,KREMSMUENSTER,8.693333333333333
AU000005010,1980,AU,Austria,48.05,14.1331,KREMSMUENSTER,7.994166666666666
AU000005010,1981,AU,Austria,48.05,14.1331,KREMSMUENSTER,8.975833333333334
AU000005010,1982,AU,Austria,48.05,14.1331,KREMSMUENSTER,9.099166666666667
AU000005010,1983,AU,Austria,48.05,14.1331,KREMSMUENSTER,9.36
AU000005010,1984,AU,Austria,48.05,14.1331,KREMSMUENSTER,8.315
AU000005010,1985,AU,Austria,48.05,14.1331,KREMSMUENSTER,8.015833333333333
AU000005010,1986,AU,Austria,48.05,14.1331,KREMSMUENSTER,8.620833333333334
AU000005010,1987,AU,Austria,48.05,14.1331,KREMSMUENSTER,8.42
AU000005010,1988,AU,Austria,48.05,14.1331,KREMSMUENSTER,9.625
AU000005010,1989,AU,Austria,48.05,14.1331,KREMSMUENSTER,9.675833333333333
AU000005010,1990,AU,Austria,48.05,14.1331,KREMSMUENSTER,9.661666666666667
AU000005010,1991,AU,Austria,48.05,14.1331,KREMSMUENSTER,8.623333333333333
AU000005010,1992,AU,Austria,48.05,14.1331,KREMSMUENSTER,10.089166666666666
AU000005010,1993,AU,Austria,48.05,14.1331,KREMSMUENSTER,9.1675
AU000005010,1994,AU,Austria,48.05,14.1331,KREMSMUENSTER,10.654166666666667
AU000005010,1995,AU,Austria,48.05,14.1331,KREMSMUENSTER,9.521666666666667
AU000005010,1996,AU,Austria,48.05,14.1331,KREMSMUENSTER,7.901666666666666
AU000005010,1997,AU,Austria,48.05,14.1331,KREMSMUENSTER,9.095833333333333
AU000005010,1998,AU,Austria,48.05,14.1331,KREMSMUENSTER,9.806666666666667
AU000005010,1999,AU,Austria,48.05,14.1331,KREMSMUENSTER,9.705833333333333
AU000005010,2000,AU,Austria,48.05,14.1331,KREMSMUENSTER,10.629166666666666
AU000005010,2001,AU,Austria,48.05,14.1331,KREMSMUENSTER,9.6075
AU000005010,2002,AU,Austria,48.05,14.1331,KREMSMUENSTER,10.198333333333332
AU000005010,2003,AU,Austria,48.05,14.1331,KREMSMUENSTER,9.966666666666667
AU000005010,2004,AU,Austria,48.05,14.1331,KREMSMUENSTER,9.451666666666666
AU000005010,2005,AU,Austria,48.05,14.1331,KREMSMUENSTER,9.106666666666667
AU000005010,2006,AU,Austria,48.05,14.1331,KREMSMUENSTER,9.535833333333334
AU000005010,2007,AU,Austria,48.05,14.1331,KREMSMUENSTER,10.722499999999998
AU000005010,2008,AU,Austria,48.05,14.1331,KREMSMUENSTER,10.27
AU000005010,2009,AU,Austria,48.05,14.1331,KREMSMUENSTER,10.385833333333334
AU000005010,2010,AU,Austria,48.05,14.1331,KREMSMUENSTER,9.1625
AU000005010,2011,AU,Austria,48.05,14.1331,KREMSMUENSTER,10.350833333333332
AU000005010,2012,AU,Austria,48.05,14.1331,KREMSMUENSTER,10.091666666666667
AU000005010,2013,AU,Austria,48.05,14.1331,KREMSMUENSTER,10.016666666666667
AU000005010,2014,AU,Austria,48.05,14.1331,KREMSMUENSTER,10.549999999999999
AU000005010,2015,AU,Austria,48.05,14.1331,KREMSMUENSTER,11.149166666666666
AU000005010,2016,AU,Austria,48.05,14.1331,KREMSMUENSTER,10.508333333333333
AU000005010,2017,AU,Austria,48.05,14.1331,KREMSMUENSTER,10.466666666666667
AU000005010,2018,AU,Austria,48.05,14.1331,KREMSMUENSTER,11.629166666666668
AU000005010,2019,AU,Austria,48.05,14.1331,KREMSMUENSTER,11.329166666666666
AU000005010,2020,AU,Austria,48.05,14.1331,KREMSMUENSTER,11.012500000000001
AU000005010,2021,AU,Austria,48.05,14.1331,KREMSMUENSTER,10.066666666666666
AU000005010,2022,AU,Austria,48.05,14.1331,KREMSMUENSTER,11.200000000000001
AU000005010,2023,AU,Austria,48.05,14.1331,KREMSMUENSTER,11.583333333333334
AU000005010,2024,AU,Austria,48.05,14.1331,KREMSMUENSTER,11.7175
AU000005010,2025,AU,Austria,48.05,14.1331,KREMSMUENSTER,10.625714285714285
AUXLT782426,1950,AU,Austria,47.0,15.4333,GRAZ_THALERHOF,10.877777777777776
AUXLT782426,1951,AU,Austria,47.0,15.4333,GRAZ_THALERHOF,9.35
AUXLT782426,1952,AU,Austria,47.0,15.4333,GRAZ_THALERHOF,8.025
AUXLT782426,1953,AU,Austria,47.0,15.4333,GRAZ_THALERHOF,8.733333333333333
AUXLT782426,1954,AU,Austria,47.0,15.4333,GRAZ_THALERHOF,7.558333333333334
AUXLT782426,1955,AU,Austria,47.0,15.4333,GRAZ_THALERHOF,7.791666666666667
AUXLT782426,1956,AU,Austria,47.0,15.4333,GRAZ_THALERHOF,7.4750000000000005
AUXLT782426,1957,AU,Austria,47.0,15.4333,GRAZ_THALERHOF,8.725
AUXLT782426,1958,AU,Austria,47.0,15.4333,GRAZ_THALERHOF,8.783333333333333
AUXLT782426,1959,AU,Austria,47.0,15.4333,GRAZ_THALERHOF,8.549999999999999
AUXLT782426,1960,AU,Austria,47.0,15.4333,GRAZ_THALERHOF,8.6
AUXLT782426,1961,AU,Austria,47.0,15.4333,GRAZ_THALERHOF,8.858333333333333
AUXLT782426,1962,AU,Austria,47.0,15.4333,GRAZ_THALERHOF,7.2250000000000005
AUXLT782426,1963,AU,Austria,47.0,15.4333,GRAZ_THALERHOF,7.541666666666667
AUXLT782426,1964,AU,Austria,47.0,15.4333,GRAZ_THALERHOF,8.125
AUXLT782426,1965,AU,Austria,47.0,15.4333,GRAZ_THALERHOF,7.675000000000001
AUXLT782426,1966,AU,Austria,47.0,15.4333,GRAZ_THALERHOF,8.908333333333333
AUXLT782426,1967,AU,Austria,47.0,15.4333,GRAZ_THALERHOF,8.916666666666666
AUXLT782426,1968,AU,Austria,47.0,15.4333,GRAZ_THALERHOF,8.316666666666666
AUXLT782426,1969,AU,Austria,47.0,15.4333,GRAZ_THALERHOF,7.833333333333333
AUXLT782426,1970,AU,Austria,47.0,15.4333,GRAZ_THALERHOF,7.964166666666666
AUXLT782426,1971,AU,Austria,47.0,15.4333,GRAZ_THALERHOF,8.248333333333333
AUXLT782426,1972,AU,Austria,47.0,15.4333,GRAZ_THALERHOF,8.165000000000001
AUXLT782426,1973,AU,Austria,47.0,15.4333,GRAZ_THALERHOF,8.19
AUXLT782426,1974,AU,Austria,47.0,15.4333,GRAZ_THALERHOF,8.898333333333333
AUXLT782426,1975,AU,Austria,47.0,15.4333,GRAZ_THALERHOF,8.915000000000001
AUXLT782426,1976,AU,Austria,47.0,15.4333,GRAZ_THALERHOF,8.348333333333334
AUXLT782426,1977,AU,Austria,47.0,15.4333,GRAZ_THALERHOF,9.073333333333332
AUXLT782426,1978,AU,Austria,47.0,15.4333,GRAZ_THALERHOF,7.598333333333333
AUXLT782426,1979,AU,Austria,47.0,15.4333,GRAZ_THALERHOF,8.331666666666667
AUXLT782426,1980,AU,Austria,47.0,15.4333,GRAZ_THALERHOF,7.631666666666667
AUXLT782426,1981,AU,Austria,47.0,15.4333,GRAZ_THALERHOF,8.577499999999999
AUXLT782426,1982,AU,Austria,47.0,15.4333,GRAZ_THALERHOF,8.756666666666666
AUXLT782426,1983,AU,Austria,47.0,15.4333,GRAZ_THALERHOF,8.886666666666667
AUXLT782426,1984,AU,Austria,47.0,15.4333,GRAZ_THALERHOF,8.133333333333333
AUXLT782426,1985,AU,Austria,47.0,15.4333,GRAZ_THALERHOF,7.851666666666667
AUXLT782426,1986,AU,Austria,47.0,15.4333,GRAZ_THALERHOF,7.995833333333334
AUXLT782426,1987,AU,Austria,47.0,15.4333,GRAZ_THALERHOF,8.1075
AUXLT782426,1988,AU,Austria,47.0,15.4333,GRAZ_THALERHOF,8.9825
AUXLT782426,1989,AU,Austria,47.0,15.4333,GRAZ_THALERHOF,9.628333333333334
AUXLT782426,1990,AU,Austria,47.0,15.4333,GRAZ_THALERHOF,9.522499999999999
AUXLT782426,1991,AU,Austria,47.0,15.4333,GRAZ_THALERHOF,8.2575
AUXLT782426,1992,AU,Austria,47.0,15.4333,GRAZ_THALERHOF,10.870000000000001
AUXLT782426,1993,AU,Austria,47.0,15.4333,GRAZ_THALERHOF,9.093333333333334
AUXLT782426,1994,AU,Austria,47.0,15.4333,GRAZ_THALERHOF,10.31
AUXLT782426,1995,AU,Austria,47.0,15.4333,GRAZ_THALERHOF,8.949166666666667
AUXLT782426,1996,AU,Austria,47.0,15.4333,GRAZ_THALERHOF,8.0475
AUXLT782426,1997,AU,Austria,47.0,15.4333,GRAZ_THALERHOF,8.979166666666666
AUXLT782426,1998,AU,Austria,47.0,15.4333,GRAZ_THALERHOF,9.550833333333333
AUXLT782426,1999,AU,Austria,47.0,15.4333,GRAZ_THALERHOF,9.308333333333334
AUXLT782426,2000,AU,Austria,47.0,15.4333,GRAZ_THALERHOF,10.501666666666667
AUXLT782426,2001,AU,Austria,47.0,15.4333,GRAZ_THALERHOF,9.8575
AUXLT782426,2002,AU,Austria,47.0,15.4333,GRAZ_THALERHOF,9.417272727272728
AUXLT782426,2003,AU,Austria,47.0,15.4333,GRAZ_THALERHOF,9.640833333333333
AUXLT782426,2004,AU,Austria,47.0,15.4333,GRAZ_THALERHOF,11.123000000000001
AUXLT782426,2005,AU,Austria,47.0,15.4333,GRAZ_THALERHOF,8.9175
AUXLT782426,2006,AU,Austria,47.0,15.4333,GRAZ_THALERHOF,9.386666666666667
AUXLT782426,2007,AU,Austria,47.0,15.4333,GRAZ_THALERHOF,10.4275
AUXLT782426,2008,AU,Austria,47.0,15.4333,GRAZ_THALERHOF,10.468333333333332
AUXLT782426,2009,AU,Austria,47.0,15.4333,GRAZ_THALERHOF,10.164166666666667
AUXLT782426,2010,AU,Austria,47.0,15.4333,GRAZ_THALERHOF,9.261666666666667
AUXLT782426,2011,AU,Austria,47.0,15.4333,GRAZ_THALERHOF,11.715
AUXLT782426,2012,AU,Austria,47.0,15.4333,GRAZ_THALERHOF,10.350833333333334
AUXLT782426,2013,AU,Austria,47.0,15.4333,GRAZ_THALERHOF,10.228333333333333
AUXLT782426,2014,AU,Austria,47.0,15.4333,GRAZ_THALERHOF,11.178333333333333
AUXLT782426,2015,AU,Austria,47.0,15.4333,GRAZ_THALERHOF,5.763333333333333
AUXLT891651,1950,AU,Austria,47.383,13.456,RADSTADT,5.861666666666667
AUXLT891651,1951,AU,Austria,47.383,13.456,RADSTADT,5.645833333333333
AUXLT891651,1952,AU,Austria,47.383,13.456,RADSTADT,4.845
AUXLT891651,1953,AU,Austria,47.383,13.456,RADSTADT,5.878333333333334
AUXLT891651,1954,AU,Austria,47.383,13.456,RADSTADT,4.511666666666666
AUXLT891651,1955,AU,Austria,47.383,13.456,RADSTADT,4.445
AUXLT891651,1956,AU,Austria,47.383,13.456,RADSTADT,3.8866666666666667
AUXLT891651,1957,AU,Austria,47.383,13.456,RADSTADT,5.578333333333333
AUXLT891651,1958,AU,Austria,47.383,13.456,RADSTADT,5.4366666666666665
AUXLT891651,1959,AU,Austria,47.383,13.456,RADSTADT,5.953333333333333
AUXLT891651,1960,AU,Austria,47.383,13.456,RADSTADT,5.4125000000000005
AUXLT891651,1961,AU,Austria,47.383,13.456,RADSTADT,5.711666666666667
AUXLT891651,1962,AU,Austria,47.383,13.456,RADSTADT,3.6316666666666664
AUXLT891651,1963,AU,Austria,47.383,13.456,RADSTADT,4.591666666666667
AUXLT891651,1964,AU,Austria,47.383,13.456,RADSTADT,5.033333333333333
AUXLT891651,1965,AU,Austria,47.383,13.456,RADSTADT,4.575
AUXLT891651,1966,AU,Austria,47.383,13.456,RADSTADT,5.2749999999999995
AUXLT891651,1967,AU,Austria,47.383,13.456,RADSTADT,5.25
AUXLT891651,1968,AU,Austria,47.383,13.456,RADSTADT,5.191666666666666
AUXLT891651,1969,AU,Austria,47.383,13.456,RADSTADT,4.941666666666667
AUXLT891651,1970,AU,Austria,47.383,13.456,RADSTADT,4.559166666666667
AUXLT891651,1971,AU,Austria,47.383,13.456,RADSTADT,5.233333333333333
AUXLT891651,1972,AU,Austria,47.383,13.456,RADSTADT,5.291666666666667
AUXLT891651,1973,AU,Austria,47.383,13.456,RADSTADT,4.7924999999999995
AUXLT891651,1974,AU,Austria,47.383,13.456,RADSTADT,5.483333333333333
AUXLT891651,1975,AU,Austria,47.383,13.456,RADSTADT,5.425
AUXLT891651,1976,AU,Austria,47.383,13.456,RADSTADT,5.283333333333334
AUXLT891651,1977,AU,Austria,47.383,13.456,RADSTADT,6.05
AUXLT891651,1978,AU,Austria,47.383,13.456,RADSTADT,4.884166666666666
AUXLT891651,1979,AU,Austria,47.383,13.456,RADSTADT,5.434166666666667
AUXLT891651,1980,AU,Austria,47.383,13.456,RADSTADT,4.766666666666667
AUXLT891651,1981,AU,Austria,47.383,13.456,RADSTADT,5.225833333333333
AUXLT891651,1982,AU,Austria,47.383,13.456,RADSTADT,6.058333333333334
AUXLT891651,1983,AU,Austria,47.383,13.456,RADSTADT,5.783333333333334
AUXLT891651,1984,AU,Austria,47.383,13.456,RADSTADT,4.9750000000000005
AUXLT891651,1985,AU,Austria,47.383,13.456,RADSTADT,5.125
AUXLT891651,1986,AU,Austria,47.383,13.456,RADSTADT,5.416666666666667
AUXLT891651,1987,AU,Austria,47.383,13.456,RADSTADT,5.4174999999999995
AUXLT891651,1988,AU,Austria,47.383,13.456,RADSTADT,5.966666666666666
AUXLT891651,1989,AU,Austria,47.383,13.456,RADSTADT,6.058333333333334
AUXLT891651,1990,AU,Austria,47.383,13.456,RADSTADT,5.958333333333333
AUXLT891651,1991,AU,Austria,47.383,13.456,RADSTADT,5.508333333333333
AUXLT891651,1992,AU,Austria,47.383,13.456,RADSTADT,6.316666666666666
AUXLT891651,1993,AU,Austria,47.383,13.456,RADSTADT,6.016666666666667
AUXLT891651,1994,AU,Austria,47.383,13.456,RADSTADT,7.283333333333334
AUXLT891651,1995,AU,Austria,47.383,13.456,RADSTADT,5.8500000000000005
AUXLT891651,1996,AU,Austria,47.383,13.456,RADSTADT,5.483333333333333
AUXLT891651,1997,AU,Austria,47.383,13.456,RADSTADT,6.708333333333333
AUXLT891651,1998,AU,Austria,47.383,13.456,RADSTADT,6.433333333333334
AUXLT891651,1999,AU,Austria,47.383,13.456,RADSTADT,6.416666666666667
AUXLT891651,2000,AU,Austria,47.383,13.456,RADSTADT,7.183333333333334
AUXLT891651,2001,AU,Austria,47.383,13.456,RADSTADT,6.375
AUXLT891651,2002,AU,Austria,47.383,13.456,RADSTADT,7.441666666666666
AUXLT891651,2003,AU,Austria,47.383,13.456,RADSTADT,6.8500000000000005
AUXLT891651,2004,AU,Austria,47.383,13.456,RADSTADT,6.2
AUXLT891651,2005,AU,Austria,47.383,13.456,RADSTADT,5.783333333333334
AUXLT891651,2006,AU,Austria,47.383,13.456,RADSTADT,6.583333333333333
AUXLT891651,2007,AU,Austria,47.383,13.456,RADSTADT,7.291666666666667
AUXLT891651,2008,AU,Austria,47.383,13.456,RADSTADT,7.125
AUXLT891651,2009,AU,Austria,47.383,13.456,RADSTADT,6.883333333333333
AUXLT891651,2010,AU,Austria,47.383,13.456,RADSTADT,6.166666666666667
AUXLT891651,2011,AU,Austria,47.383,13.456,RADSTADT,7.283333333333334
AUXLT891651,2012,AU,Austria,47.383,13.456,RADSTADT,7.05
AUXLT891651,2013,AU,Austria,47.383,13.456,RADSTADT,6.908333333333334
BRM00082533,1997,BR,Brazil,-5.811,-61.278,MANICORE,28.485
BRM00082533,1998,BR,Brazil,-5.811,-61.278,MANICORE,28.28
BRM00082533,1999,BR,Brazil,-5.811,-61.278,MANICORE,27.58818181818182
BRM00082533,2000,BR,Brazil,-5.811,-61.278,MANICORE,27.81833333333333
BRM00082533,2001,BR,Brazil,-5.811,-61.278,MANICORE,27.751666666666665
BRM00082533,2002,BR,Brazil,-5.811,-61.278,MANICORE,28.17
BRM00082533,2003,BR,Brazil,-5.811,-61.278,MANICORE,28.198333333333334
BRM00082533,2004,BR,Brazil,-5.811,-61.278,MANICORE,28.099166666666665
BRM00082533,2005,BR,Brazil,-5.811,-61.278,MANICORE,28.29090909090909
BRM00082533,2006,BR,Brazil,-5.811,-61.278,MANICORE,27.667
BRM00082533,2007,BR,Brazil,-5.811,-61.278,MANICORE,28.28833333333333
BRM00082533,2008,BR,Brazil,-5.811,-61.278,MANICORE,28.005
BRM00082533,2009,BR,Brazil,-5.811,-61.278,MANICORE,28.360833333333332
BRM00082533,2010,BR,Brazil,-5.811,-61.278,MANICORE,28.406666666666666
BRM00082533,2011,BR,Brazil,-5.811,-61.278,MANICORE,28.329166666666666
BRM00082533,2012,BR,Brazil,-5.811,-61.278,MANICORE,28.229166666666668
BRM00082533,2013,BR,Brazil,-5.811,-61.278,MANICORE,28.141666666666666
BRM00082533,2014,BR,Brazil,-5.811,-61.278,MANICORE,28.290833333333335
BRM00082533,2015,BR,Brazil,-5.811,-61.278,MANICORE,28.791666666666668
BRM00082533,2016,BR,Brazil,-5.811,-61.278,MANICORE,28.7
BRM00082533,2017,BR,Brazil,-5.811,-61.278,MANICORE,28.349999999999998
BRM00082533,2018,BR,Brazil,-5.811,-61.278,MANICORE,28.183333333333334
BRM00082533,2019,BR,Brazil,-5.811,-61.278,MANICORE,28.445833333333336
BRM00082533,2020,BR,Brazil,-5.811,-61.278,MANICORE,28.575
BRM00082533,2021,BR,Brazil,-5.811,-61.278,MANICORE,28.41818181818182
BRM00082533,2022,BR,Brazil,-5.811,-61.278,MANICORE,27.211428571428574
BRM00082533,2023,BR,Brazil,-5.811,-61.278,MANICORE,28.768333333333334
BRXLT144959,1950,BR,Brazil,-7.42,-35.41,UMBUZ_EIRO,22.2325
BRXLT144959,1951,BR,Brazil,-7.42,-35.41,UMBUZ_EIRO,22.4575
BRXLT144959,1952,BR,Brazil,-7.42,-35.41,UMBUZ_EIRO,23.07166666666667
BRXLT144959,1953,BR,Brazil,-7.42,-35.41,UMBUZ_EIRO,22.675833333333333
BRXLT144959,1954,BR,Brazil,-7.42,-35.41,UMBUZ_EIRO,22.564166666666665
BRXLT144959,1955,BR,Brazil,-7.42,-35.41,UMBUZ_EIRO,22.229166666666668
BRXLT144959,1956,BR,Brazil,-7.42,-35.41,UMBUZ_EIRO,22.5
BRXLT144959,1957,BR,Brazil,-7.42,-35.41,UMBUZ_EIRO,22.605
BRXLT144959,1958,BR,Brazil,-7.42,-35.41,UMBUZ_EIRO,22.918333333333333
BRXLT144959,1959,BR,Brazil,-7.42,-35.41,UMBUZ_EIRO,22.92833333333333
BRXLT144959,1960,BR,Brazil,-7.42,-35.41,UMBUZ_EIRO,22.662499999999998
BRXLT144959,1961,BR,Brazil,-7.42,-35.41,UMBUZ_EIRO,22.485454545454544
BRXLT144959,1962,BR,Brazil,-7.42,-35.41,UMBUZ_EIRO,22.76181818181818
BRXLT144959,1963,BR,Brazil,-7.42,-35.41,UMBUZ_EIRO,22.60272727272727
BRXLT144959,1964,BR,Brazil,-7.42,-35.41,UMBUZ_EIRO,22.671818181818182
BRXLT144959,1965,BR,Brazil,-7.42,-35.41,UMBUZ_EIRO,22.785454545454545
BRXLT144959,1966,BR,Brazil,-7.42,-35.41,UMBUZ_EIRO,22.64363636363636
BRXLT144959,1967,BR,Brazil,-7.42,-35.41,UMBUZ_EIRO,22.734545454545454
BRXLT144959,1968,BR,Brazil,-7.42,-35.41,UMBUZ_EIRO,23.169999999999998
BRXLT770233,1952,BR,Brazil,-8.01,-34.5,RECIF_E_OLI_NDA,25.910000000000004
BRXLT770233,1953,BR,Brazil,-8.01,-34.5,RECIF_E_OLI_NDA,26.090833333333332
BRXLT770233,1954,BR,Brazil,-8.01,-34.5,RECIF_E_OLI_NDA,25.9175
BRXLT770233,1955,BR,Brazil,-8.01,-34.5,RECIF_E_OLI_NDA,25.184
BRXLT770233,1956,BR,Brazil,-8.01,-34.5,RECIF_E_OLI_NDA,25.674166666666665
BRXLT770233,1957,BR,Brazil,-8.01,-34.5,RECIF_E_OLI_NDA,25.814444444444447
BRXLT770233,1958,BR,Brazil,-8.01,-34.5,RECIF_E_OLI_NDA,26.344
BRXLT770233,1959,BR,Brazil,-8.01,-34.5,RECIF_E_OLI_NDA,26.000999999999998
BRXLT770233,1960,BR,Brazil,-8.01,-34.5,RECIF_E_OLI_NDA,26.01
BRXLT770233,1961,BR,Brazil,-8.01,-34.5,RECIF_E_OLI_NDA,25.713636363636365
BRXLT770233,1962,BR,Brazil,-8.01,-34.5,RECIF_E_OLI_NDA,26.190833333333334
BRXLT770233,1963,BR,Brazil,-8.01,-34.5,RECIF_E_OLI_NDA,26.201818181818183
BRXLT770233,1964,BR,Brazil,-8.01,-34.5,RECIF_E_OLI_NDA,26.17
BRXLT770233,1965,BR,Brazil,-8.01,-34.5,RECIF_E_OLI_NDA,26.30333333333333
BRXLT770233,1966,BR,Brazil,-8.01,-34.5,RECIF_E_OLI_NDA,26.75
CA003062360,1950,CA,Canada,58.2,-111.3833,EMBARRAS_A,-2.745833333333333
CA003062360,1951,CA,Canada,58.2,-111.3833,EMBARRAS_A,-2.9133333333333336
CA003062360,1952,CA,Canada,58.2,-111.3833,EMBARRAS_A,-1.08
CA003062360,1953,CA,Canada,58.2,-111.3833,EMBARRAS_A,0.08916666666666669
CA003062360,1954,CA,Canada,58.2,-111.3833,EMBARRAS_A,-0.8616666666666669
CA003062360,1955,CA,Canada,58.2,-111.3833,EMBARRAS_A,-2.3408333333333333
CA003062360,1956,CA,Canada,58.2,-111.3833,EMBARRAS_A,-1.2249999999999999
CA003062360,1957,CA,Canada,58.2,-111.3833,EMBARRAS_A,-1.5708333333333337
CA003062360,1958,CA,Canada,58.2,-111.3833,EMBARRAS_A,0.18750000000000058
CA003062360,1959,CA,Canada,58.2,-111.3833,EMBARRAS_A,-1.4941666666666666
CA003062360,1960,CA,Canada,58.2,-111.3833,EMBARRAS_A,-0.8291666666666667
CA003062360,1961,CA,Canada,58.2,-111.3833,EMBARRAS_A,-1.3308333333333333
CA003062360,1962,CA,Canada,58.2,-111.3833,EMBARRAS_A,-0.6049999999999998
CA004054795,1985,CA,Canada,53.0167,-106.0167,MACDOWALL,-15.71
CA004054795,1986,CA,Canada,53.0167,-106.0167,MACDOWALL,5.8774999999999995
CA004054795,1987,CA,Canada,53.0167,-106.0167,MACDOWALL,3.9299999999999997
CA004054795,1988,CA,Canada,53.0167,-106.0167,MACDOWALL,3.8072727272727276
CA004054795,1989,CA,Canada,53.0167,-106.0167,MACDOWALL,0.14999999999999988
CA004054795,1990,CA,Canada,53.0167,-106.0167,MACDOWALL,3.3655555555555554
CA004054795,1991,CA,Canada,53.0167,-106.0167,MACDOWALL,2.035833333333333
CA004054795,1992,CA,Canada,53.0167,-106.0167,MACDOWALL,2.0575
CA004054795,1993,CA,Canada,53.0167,-106.0167,MACDOWALL,0.7809090909090909
CA004054795,1994,CA,Canada,53.0167,-106.0167,MACDOWALL,2.97
CA004054795,1996,CA,Canada,53.0167,-106.0167,MACDOWALL,-4.565
CA004054795,1997,CA,Canada,53.0167,-106.0167,MACDOWALL,4.17
CA004054795,1998,CA,Canada,53.0167,-106.0167,MACDOWALL,3.9172727272727275
CA004054795,1999,CA,Canada,53.0167,-106.0167,MACDOWALL,4.736363636363636
CA004054795,2000,CA,Canada,53.0167,-106.0167,MACDOWALL,1.3841666666666665
CA004054795,2001,CA,Canada,53.0167,-106.0167,MACDOWALL,3.358333333333334
CA004054795,2002,CA,Canada,53.0167,-106.0167,MACDOWALL,1.335
CA004054795,2003,CA,Canada,53.0167,-106.0167,MACDOWALL,4.188888888888889
CNM00067004,1963,CN,Comoros,-12.12,44.43,OUANI_ANJOUAN,26.54
CNM00067004,1964,CN,Comoros,-12.12,44.43,OUANI_ANJOUAN,25.356666666666666
CNM00067004,1965,CN,Comoros,-12.12,44.43,OUANI_ANJOUAN,24.606666666666666
CNM00067004,1966,CN,Comoros,-12.12,44.43,OUANI_ANJOUAN,25.736666666666665
CNM00067004,1967,CN,Comoros,-12.12,44.43,OUANI_ANJOUAN,25.875
CNM00067004,1968,CN,Comoros,-12.12,44.43,OUANI_ANJOUAN,25.236363636363638
CNM00067004,1969,CN,Comoros,-12.12,44.43,OUANI_ANJOUAN,27.5
CNM00067004,1970,CN,Comoros,-12.12,44.43,OUANI_ANJOUAN,24.714285714285715
CNM00067004,1971,CN,Comoros,-12.12,44.43,OUANI_ANJOUAN,25.0
CNM00067004,1972,CN,Comoros,-12.12,44.43,OUANI_ANJOUAN,25.45
CNM00067004,1973,CN,Comoros,-12.12,44.43,OUANI_ANJOUAN,25.575
CNM00067004,1974,CN,Comoros,-12.12,44.43,OUANI_ANJOUAN,25.072727272727274
CNM00067004,1975,CN,Comoros,-12.12,44.43,OUANI_ANJOUAN,25.900000000000002
CNM00067004,1976,CN,Comoros,-12.12,44.43,OUANI_ANJOUAN,25.275
CNM00067004,1977,CN,Comoros,-12.12,44.43,OUANI_ANJOUAN,25.983333333333334
CNM00067004,1978,CN,Comoros,-12.12,44.43,OUANI_ANJOUAN,25.650000000000002
CNM00067004,1979,CN,Comoros,-12.12,44.43,OUANI_ANJOUAN,26.766666666666666
CNM00067004,1980,CN,Comoros,-12.12,44.43,OUANI_ANJOUAN,25.900000000000002
CNM00067004,1981,CN,Comoros,-12.12,44.43,OUANI_ANJOUAN,25.718181818181815
CNM00067004,1982,CN,Comoros,-12.12,44.43,OUANI_ANJOUAN,26.24
CNM00067004,1983,CN,Comoros,-12.12,44.43,OUANI_ANJOUAN,26.360000000000003
CNM00067004,1984,CN,Comoros,-12.12,44.43,OUANI_ANJOUAN,25.85
CNXLT320407,1950,CN,Comoros,-11.68,43.25,MORONI,25.576666666666664
CNXLT320407,1951,CN,Comoros,-11.68,43.25,MORONI,25.474999999999998
CNXLT320407,1952,CN,Comoros,-11.68,43.25,MORONI,25.808333333333334
CNXLT320407,1953,CN,Comoros,-11.68,43.25,MORONI,25.875454545454545
CNXLT320407,1954,CN,Comoros,-11.68,43.25,MORONI,25.666363636363634
CNXLT320407,1955,CN,Comoros,-11.68,43.25,MORONI,25.5125
CNXLT320407,1956,CN,Comoros,-11.68,43.25,MORONI,25.337500000000002
CNXLT320407,1957,CN,Comoros,-11.68,43.25,MORONI,25.775000000000002
CNXLT320407,1958,CN,Comoros,-11.68,43.25,MORONI,26.112499999999997
CNXLT320407,1959,CN,Comoros,-11.68,43.25,MORONI,25.715833333333332
CNXLT320407,1960,CN,Comoros,-11.68,43.25,MORONI,25.511666666666667
CNXLT320407,1961,CN,Comoros,-11.68,43.25,MORONI,26.129166666666666
CNXLT320407,1962,CN,Comoros,-11.68,43.25,MORONI,25.770833333333332
CNXLT320407,1963,CN,Comoros,-11.68,43.25,MORONI,25.363333333333333
CNXLT320407,1964,CN,Comoros,-11.68,43.25,MORONI,25.565454545454543
CNXLT320407,1965,CN,Comoros,-11.68,43.25,MORONI,25.44666666666667
CNXLT320407,1966,CN,Comoros,-11.68,43.25,MORONI,25.738333333333333
CNXLT320407,1967,CN,Comoros,-11.68,43.25,MORONI,25.78333333333333
CNXLT320407,1968,CN,Comoros,-11.68,43.25,MORONI,25.355
CNXLT320407,1969,CN,Comoros,-11.68,43.25,MORONI,25.95
CNXLT320407,1970,CN,Comoros,-11.68,43.25,MORONI,25.713333333333335
CNXLT320407,1971,CN,Comoros,-11.68,43.25,MORONI,25.275000000000002
CNXLT320407,1972,CN,Comoros,-11.68,43.25,MORONI,25.758333333333336
CNXLT320407,1973,CN,Comoros,-11.68,43.25,MORONI,25.7
CNXLT320407,1974,CN,Comoros,-11.68,43.25,MORONI,25.491666666666664
CNXLT320407,1975,CN,Comoros,-11.68,43.25,MORONI,25.545454545454547
CNXLT320407,1976,CN,Comoros,-11.68,43.25,MORONI,25.41818181818182
CNXLT320407,1977,CN,Comoros,-11.68,43.25,MORONI,26.125
CNXLT320407,1978,CN,Comoros,-11.68,43.25,MORONI,25.791666666666668
CNXLT320407,1979,CN,Comoros,-11.68,43.25,MORONI,26.349999999999998
CNXLT320407,1980,CN,Comoros,-11.68,43.25,MORONI,25.636363636363637
CNXLT320407,1981,CN,Comoros,-11.68,43.25,MORONI,25.41
CNXLT320407,1982,CN,Comoros,-11.68,43.25,MORONI,26.15
CNXLT320407,1983,CN,Comoros,-11.68,43.25,MORONI,25.9
CNXLT320407,1984,CN,Comoros,-11.68,43.25,MORONI,25.6
FRE00000745,1958,FR,France,47.38,4.93,DIJON,9.955
FRE00000745,1959,FR,France,47.38,4.93,DIJON,11.091666666666667
FRE00000745,1960,FR,France,47.38,4.93,DIJON,10.106666666666667
FRE00000745,1961,FR,France,47.38,4.93,DIJON,10.836666666666666
FRE00000745,1962,FR,France,47.38,4.93,DIJON,9.159166666666666
FRE00000745,1963,FR,France,47.38,4.93,DIJON,8.906666666666666
FRE00000745,1964,FR,France,47.38,4.93,DIJON,10.015833333333333
FRE00000745,1965,FR,France,47.38,4.93,DIJON,9.331666666666667
FRE00000745,1966,FR,France,47.38,4.93,DIJON,10.227500000000001
FRE00000745,1967,FR,France,47.38,4.93,DIJON,10.02
FRE00000745,1968,FR,France,47.38,4.93,DIJON,9.575833333333334
FRE00000745,1969,FR,France,47.38,4.93,DIJON,9.613333333333333
FRE00000745,1970,FR,France,47.38,4.93,DIJON,9.545833333333333
FRE00000745,1971,FR,France,47.38,4.93,DIJON,9.6575
FRE00000745,1972,FR,France,47.38,4.93,DIJON,9.659166666666666
FRE00000745,1973,FR,France,47.38,4.93,DIJON,9.865
FRE00000745,1974,FR,France,47.38,4.93,DIJON,10.318333333333333
FRE00000745,1975,FR,France,47.38,4.93,DIJON,9.955
FRE00000745,1976,FR,France,47.38,4.93,DIJON,10.5825
FRE00000745,1977,FR,France,47.38,4.93,DIJON,10.319166666666666
FRE00000745,1978,FR,France,47.38,4.93,DIJON,9.435833333333333
FRE00000745,1979,FR,France,47.38,4.93,DIJON,9.856666666666667
FRE00000745,1980,FR,France,47.38,4.93,DIJON,10.350000000000001
FRE00000745,1982,FR,France,47.38,4.93,DIJON,11.5
FRE00000745,1983,FR,France,47.38,4.93,DIJON,10.793333333333335
FRE00000745,1984,FR,France,47.38,4.93,DIJON,10.000833333333334
FRE00000745,1985,FR,France,47.38,4.93,DIJON,9.4975
FRE00000745,1986,FR,France,47.38,4.93,DIJON,9.664166666666667
FRE00000745,1987,FR,France,47.38,4.93,DIJON,9.798333333333334
FRE00000745,1988,FR,France,47.38,4.93,DIJON,11.086666666666666
FRE00000745,1989,FR,France,47.38,4.93,DIJON,10.903333333333334
FRE00000745,1990,FR,France,47.38,4.93,DIJON,11.245
FRE00000745,1991,FR,France,47.38,4.93,DIJON,10.478333333333333
FRE00000745,1992,FR,France,47.38,4.93,DIJON,10.900833333333333
FRE00000745,1993,FR,France,47.38,4.93,DIJON,10.5375
FRE00000745,1994,FR,France,47.38,4.93,DIJON,11.990833333333333
FRE00000745,1995,FR,France,47.38,4.93,DIJON,11.123333333333333
FRE00000745,1996,FR,France,47.38,4.93,DIJON,10.105833333333333
FRE00000745,1997,FR,France,47.38,4.93,DIJON,11.354999999999999
FRE00000745,1998,FR,France,47.38,4.93,DIJON,10.775
FRE00000745,1999,FR,France,47.38,4.93,DIJON,11.272499999999999
FRE00000745,2000,FR,France,47.38,4.93,DIJON,11.729999999999999
FRE00000745,2001,FR,France,47.38,4.93,DIJON,11.081666666666665
FRE00000745,2002,FR,France,47.38,4.93,DIJON,11.793333333333335
FRE00000745,2003,FR,France,47.38,4.93,DIJON,12.091666666666667
FRE00000745,2004,FR,France,47.38,4.93,DIJON,12.428999999999998
FRE00104907,1950,FR,France,44.5817,4.7381,MONTELIMAR,13.361666666666666
FRE00104907,1951,FR,France,44.5817,4.7381,MONTELIMAR,12.905000000000001
FRE00104907,1952,FR,France,44.5817,4.7381,MONTELIMAR,13.082500000000001
FRE00104907,1953,FR,France,44.5817,4.7381,MONTELIMAR,13.051666666666668
FRE00104907,1954,FR,France,44.5817,4.7381,MONTELIMAR,12.421666666666667
FRE00104907,1955,FR,France,44.5817,4.7381,MONTELIMAR,12.9225
FRE00104907,1956,FR,France,44.5817,4.7381,MONTELIMAR,11.604166666666666
FRE00104907,1957,FR,France,44.5817,4.7381,MONTELIMAR,12.919166666666667
FRE00104907,1958,FR,France,44.5817,4.7381,MONTELIMAR,12.831666666666665
FRE00104907,1959,FR,France,44.5817,4.7381,MONTELIMAR,13.445833333333333
FRE00104907,1960,FR,France,44.5817,4.7381,MONTELIMAR,12.832500000000001
FRE00104907,1961,FR,France,44.5817,4.7381,MONTELIMAR,13.821666666666667
FRE00104907,1962,FR,France,44.5817,4.7381,MONTELIMAR,12.451666666666668
FRE00104907,1963,FR,France,44.5817,4.7381,MONTELIMAR,12.073333333333332
FRE00104907,1964,FR,France,44.5817,4.7381,MONTELIMAR,13.019166666666665
FRE00104907,1965,FR,France,44.5817,4.7381,MONTELIMAR,12.589999999999998
FRE00104907,1966,FR,France,44.5817,4.7381,MONTELIMAR,13.295833333333334
FRE00104907,1967,FR,France,44.5817,4.7381,MONTELIMAR,13.230833333333335
FRE00104907,1968,FR,France,44.5817,4.7381,MONTELIMAR,12.545
FRE00104907,1969,FR,France,44.5817,4.7381,MONTELIMAR,12.440833333333332
FRE00104907,1970,FR,France,44.5817,4.7381,MONTELIMAR,12.661666666666667
FRE00104907,1971,FR,France,44.5817,4.7381,MONTELIMAR,12.288333333333334
FRE00104907,1972,FR,France,44.5817,4.7381,MONTELIMAR,12.6625
FRE00104907,1973,FR,France,44.5817,4.7381,MONTELIMAR,12.755
FRE00104907,1974,FR,France,44.5817,4.7381,MONTELIMAR,13.048333333333332
FRE00104907,1975,FR,France,44.5817,4.7381,MONTELIMAR,12.766666666666666
FRE00104907,1976,FR,France,44.5817,4.7381,MONTELIMAR,12.959166666666667
FRE00104907,1977,FR,France,44.5817,4.7381,MONTELIMAR,12.763333333333334
FRE00104907,1978,FR,France,44.5817,4.7381,MONTELIMAR,12.155833333333334
FRE00104907,1979,FR,France,44.5817,4.7381,MONTELIMAR,13.103333333333333
FRE00104907,1980,FR,France,44.5817,4.7381,MONTELIMAR,12.335
FRE00104907,1981,FR,France,44.5817,4.7381,MONTELIMAR,12.743333333333332
FRE00104907,1982,FR,France,44.5817,4.7381,MONTELIMAR,13.740833333333333
FRE00104907,1983,FR,France,44.5817,4.7381,MONTELIMAR,13.200000000000001
FRE00104907,1984,FR,France,44.5817,4.7381,MONTELIMAR,12.2475
FRE00104907,1985,FR,France,44.5817,4.7381,MONTELIMAR,12.560833333333333
FRE00104907,1986,FR,France,44.5817,4.7381,MONTELIMAR,13.2575
FRE00104907,1987,FR,France,44.5817,4.7381,MONTELIMAR,13.123333333333333
FRE00104907,1988,FR,France,44.5817,4.7381,MONTELIMAR,13.660833333333334
FRE00104907,1989,FR,France,44.5817,4.7381,MONTELIMAR,13.939166666666667
FRE00104907,1990,FR,France,44.5817,4.7381,MONTELIMAR,14.200833333333334
FRE00104907,1991,FR,France,44.5817,4.7381,MONTELIMAR,13.390833333333333
FRE00104907,1992,FR,France,44.5817,4.7381,MONTELIMAR,13.404166666666667
FRE00104907,1993,FR,France,44.5817,4.7381,MONTELIMAR,13.1075
FRE00104907,1994,FR,France,44.5817,4.7381,MONTELIMAR,14.423333333333334
FRE00104907,1995,FR,France,44.5817,4.7381,MONTELIMAR,13.708333333333334
FRE00104907,1996,FR,France,44.5817,4.7381,MONTELIMAR,12.989166666666668
FRE00104907,1997,FR,France,44.5817,4.7381,MONTELIMAR,14.158333333333333
FRE00104907,1998,FR,France,44.5817,4.7381,MONTELIMAR,13.350833333333334
FRE00104907,1999,FR,France,44.5817,4.7381,MONTELIMAR,13.813333333333333
FRE00104907,2000,FR,France,44.5817,4.7381,MONTELIMAR,14.1825
FRE00104907,2001,FR,France,44.5817,4.7381,MONTELIMAR,13.936666666666667
FRE00104907,2002,FR,France,44.5817,4.7381,MONTELIMAR,14.136666666666665
FRE00104907,2003,FR,France,44.5817,4.7381,MONTELIMAR,14.7175
FRE00104907,2004,FR,France,44.5817,4.7381,MONTELIMAR,13.706666666666665
FRE00104907,2005,FR,France,44.5817,4.7381,MONTELIMAR,13.39
FRE00104907,2006,FR,France,44.5817,4.7381,MONTELIMAR,14.346666666666666
FRE00104907,2007,FR,France,44.5817,4.7381,MONTELIMAR,14.213333333333333
FRE00104907,2008,FR,France,44.5817,4.7381,MONTELIMAR,13.658333333333333
FRE00104907,2009,FR,France,44.5817,4.7381,MONTELIMAR,14.408333333333333
FRE00104907,2010,FR,France,44.5817,4.7381,MONTELIMAR,13.133333333333333
FRE00104907,2011,FR,France,44.5817,4.7381,MONTELIMAR,14.583333333333334
FRE00104907,2012,FR,France,44.5817,4.7381,MONTELIMAR,14.066666666666668
FRE00104907,2013,FR,France,44.5817,4.7381,MONTELIMAR,13.291666666666666
FRE00104907,2014,FR,France,44.5817,4.7381,MONTELIMAR,14.766666666666666
FRE00104907,2015,FR,France,44.5817,4.7381,MONTELIMAR,14.951666666666668
FRE00104907,2016,FR,France,44.5817,4.7381,MONTELIMAR,14.450000000000001
FRE00104907,2017,FR,France,44.5817,4.7381,MONTELIMAR,14.75
FRE00104907,2018,FR,France,44.5817,4.7381,MONTELIMAR,15.191666666666668
FRE00104907,2019,FR,France,44.5817,4.7381,MONTELIMAR,15.004166666666668
FRE00104907,2020,FR,France,44.5817,4.7381,MONTELIMAR,15.191666666666668
FRE00104907,2021,FR,France,44.5817,4.7381,MONTELIMAR,14.083333333333334
FRE00104907,2022,FR,France,44.5817,4.7381,MONTELIMAR,15.87
FRE00104907,2023,FR,France,44.5817,4.7381,MONTELIMAR,15.441666666666668
FRE00104907,2024,FR,France,44.5817,4.7381,MONTELIMAR,14.963333333333333
FRE00104907,2025,FR,France,44.5817,4.7381,MONTELIMAR,16.705555555555556
FRE00104945,1950,FR,France,48.68,6.21,NANCY,10.190833333333332
FRE00104945,1951,FR,France,48.68,6.21,NANCY,9.922500000000001
FRE00104945,1952,FR,France,48.68,6.21,NANCY,9.861666666666666
FRE00104945,1953,FR,France,48.68,6.21,NANCY,10.055
FRE00104945,1954,FR,France,48.68,6.21,NANCY,9.255
FRE00104945,1955,FR,France,48.68,6.21,NANCY,9.1925
FRE00104945,1956,FR,France,48.68,6.21,NANCY,8.470833333333333
FRE00104945,1957,FR,France,48.68,6.21,NANCY,10.078333333333333
FRE00104945,1958,FR,France,48.68,6.21,NANCY,9.734166666666667
FRE00104945,1959,FR,France,48.68,6.21,NANCY,10.423333333333334
FRE00104945,1960,FR,France,48.68,6.21,NANCY,9.936666666666666
FRE00104945,1961,FR,France,48.68,6.21,NANCY,10.678333333333333
FRE00104945,1962,FR,France,48.68,6.21,NANCY,8.871666666666668
FRE00104945,1963,FR,France,48.68,6.21,NANCY,8.529166666666667
FRE00104945,1964,FR,France,48.68,6.21,NANCY,9.758333333333333
FRE00104945,1965,FR,France,48.68,6.21,NANCY,9.2175
FRE00104945,1966,FR,France,48.68,6.21,NANCY,10.138333333333334
FRE00104945,1967,FR,France,48.68,6.21,NANCY,10.064166666666667
FRE00104945,1968,FR,France,48.68,6.21,NANCY,9.4325
FRE00104945,1969,FR,France,48.68,6.21,NANCY,9.4375
FRE00104945,1970,FR,France,48.68,6.21,NANCY,9.470833333333333
FRE00104945,1971,FR,France,48.68,6.21,NANCY,9.446666666666667
FRE00104945,1972,FR,France,48.68,6.21,NANCY,9.028333333333334
FRE00104945,1973,FR,France,48.68,6.21,NANCY,9.5325
FRE00104945,1974,FR,France,48.68,6.21,NANCY,10.3425
FRE00104945,1975,FR,France,48.68,6.21,NANCY,10.084166666666667
FRE00104945,1976,FR,France,48.68,6.21,NANCY,10.1975
FRE00104945,1977,FR,France,48.68,6.21,NANCY,10.248333333333333
FRE00104945,1978,FR,France,48.68,6.21,NANCY,9.193333333333333
FRE00104945,1979,FR,France,48.68,6.21,NANCY,9.520000000000001
FRE00104945,1980,FR,France,48.68,6.21,NANCY,9.154166666666667
FRE00104945,1981,FR,France,48.68,6.21,NANCY,9.793333333333333
FRE00104945,1982,FR,France,48.68,6.21,NANCY,10.3425
FRE00104945,1983,FR,France,48.68,6.21,NANCY,10.410833333333334
FRE00104945,1984,FR,France,48.68,6.21,NANCY,9.488333333333333
FRE00104945,1985,FR,France,48.68,6.21,NANCY,9.103333333333333
FRE00104945,1986,FR,France,48.68,6.21,NANCY,9.280833333333334
FRE00104945,1987,FR,France,48.68,6.21,NANCY,9.439166666666667
FRE00104945,1988,FR,France,48.68,6.21,NANCY,10.646666666666667
FRE00104945,1989,FR,France,48.68,6.21,NANCY,10.501666666666667
FRE00104945,1990,FR,France,48.68,6.21,NANCY,10.813333333333333
FRE00104945,1991,FR,France,48.68,6.21,NANCY,9.921666666666667
FRE00104945,1992,FR,France,48.68,6.21,NANCY,10.838333333333333
FRE00104945,1993,FR,France,48.68,6.21,NANCY,10.220833333333333
FRE00104945,1994,FR,France,48.68,6.21,NANCY,11.585
FRE00104945,1995,FR,France,48.68,6.21,NANCY,10.941666666666668
FRE00104945,1996,FR,France,48.68,6.21,NANCY,9.44
FRE00104945,1997,FR,France,48.68,6.21,NANCY,10.749166666666667
FRE00104945,1998,FR,France,48.68,6.21,NANCY,10.651666666666666
FRE00104945,1999,FR,France,48.68,6.21,NANCY,11.074166666666668
FRE00104945,2000,FR,France,48.68,6.21,NANCY,11.701666666666666
FRE00104945,2001,FR,France,48.68,6.21,NANCY,11.054166666666667
FRE00104945,2002,FR,France,48.68,6.21,NANCY,11.5025
FRE00104945,2003,FR,France,48.68,6.21,NANCY,11.49
FRE00104945,2004,FR,France,48.68,6.21,NANCY,10.661666666666667
FRE00104945,2005,FR,France,48.68,6.21,NANCY,10.777500000000002
FRE00104945,2006,FR,France,48.68,6.21,NANCY,11.273333333333333
FRE00104945,2007,FR,France,48.68,6.21,NANCY,11.199166666666665
FRE00104945,2008,FR,France,48.68,6.21,NANCY,10.918333333333335
FRE00104945,2009,FR,France,48.68,6.21,NANCY,11.265833333333333
FRE00104945,2010,FR,France,48.68,6.21,NANCY,10.130833333333333
FRE00104945,2011,FR,France,48.68,6.21,NANCY,11.781666666666666
FRE00104945,2012,FR,France,48.68,6.21,NANCY,11.015
FRE00104945,2013,FR,France,48.68,6.21,NANCY,10.5725
FRE00104945,2014,FR,France,48.68,6.21,NANCY,5.3
GB000004500,1950,GB,Gabon,0.38,9.45,LIBREVILLE,25.67
GB000004500,1951,GB,Gabon,0.38,9.45,LIBREVILLE,25.840833333333332
GB000004500,1952,GB,Gabon,0.38,9.45,LIBREVILLE,25.877499999999998
GB000004500,1953,GB,Gabon,0.38,9.45,LIBREVILLE,25.87833333333333
GB000004500,1954,GB,Gabon,0.38,9.45,LIBREVILLE,26.208333333333332
GB000004500,1955,GB,Gabon,0.38,9.45,LIBREVILLE,25.925
GB000004500,1956,GB,Gabon,0.38,9.45,LIBREVILLE,25.5
GB000004500,1957,GB,Gabon,0.38,9.45,LIBREVILLE,25.746666666666666
GB000004500,1958,GB,Gabon,0.38,9.45,LIBREVILLE,25.578333333333333
GB000004500,1959,GB,Gabon,0.38,9.45,LIBREVILLE,26.421666666666667
GB000004500,1960,GB,Gabon,0.38,9.45,LIBREVILLE,25.663333333333334
GB000004500,1961,GB,Gabon,0.38,9.45,LIBREVILLE,25.659166666666668
GB000004500,1962,GB,Gabon,0.38,9.45,LIBREVILLE,25.699166666666667
GB000004500,1963,GB,Gabon,0.38,9.45,LIBREVILLE,26.173333333333332
GB000004500,1964,GB,Gabon,0.38,9.45,LIBREVILLE,25.754166666666666
GB000004500,1965,GB,Gabon,0.38,9.45,LIBREVILLE,25.825833333333335
GB000004500,1966,GB,Gabon,0.38,9.45,LIBREVILLE,26.195000000000004
GB000004500,1967,GB,Gabon,0.38,9.45,LIBREVILLE,25.871666666666666
GB000004500,1968,GB,Gabon,0.38,9.45,LIBREVILLE,25.894166666666667
GB000004500,1969,GB,Gabon,0.38,9.45,LIBREVILLE,26.040833333333335
GB000004500,1970,GB,Gabon,0.38,9.45,LIBREVILLE,26.147499999999997
GB000004500,1971,GB,Gabon,0.38,9.45,LIBREVILLE,25.95
GB000004500,1972,GB,Gabon,0.38,9.45,LIBREVILLE,25.923333333333332
GB000004500,1973,GB,Gabon,0.38,9.45,LIBREVILLE,26.403333333333336
GB000004500,1974,GB,Gabon,0.38,9.45,LIBREVILLE,25.834545454545456
GB000004500,1975,GB,Gabon,0.38,9.45,LIBREVILLE,25.868333333333336
GB000004500,1976,GB,Gabon,0.38,9.45,LIBREVILLE,25.673636363636366
GB000004500,1977,GB,Gabon,0.38,9.45,LIBREVILLE,26.144166666666667
GB000004500,1978,GB,Gabon,0.38,9.45,LIBREVILLE,26.03916666666667
GB000004500,1979,GB,Gabon,0.38,9.45,LIBREVILLE,26.265833333333333
GB000004500,1980,GB,Gabon,0.38,9.45,LIBREVILLE,26.00916666666667
GB000004500,1981,GB,Gabon,0.38,9.45,LIBREVILLE,26.416666666666668
GB000004500,1982,GB,Gabon,0.38,9.45,LIBREVILLE,26.03333333333333
GB000004500,1983,GB,Gabon,0.38,9.45,LIBREVILLE,26.18
GB000004500,1984,GB,Gabon,0.38,9.45,LIBREVILLE,26.825
GB000004500,1985,GB,Gabon,0.38,9.45,LIBREVILLE,26.30909090909091
GB000004500,1986,GB,Gabon,0.38,9.45,LIBREVILLE,26.12222222222222
GB000004500,1987,GB,Gabon,0.38,9.45,LIBREVILLE,26.61818181818182
GB000004500,1988,GB,Gabon,0.38,9.45,LIBREVILLE,27.3
GB000004500,1989,GB,Gabon,0.38,9.45,LIBREVILLE,26.28
GB000004500,1999,GB,Gabon,0.38,9.45,LIBREVILLE,26.083333333333332
GB000004500,2000,GB,Gabon,0.38,9.45,LIBREVILLE,26.875
GB000004500,2001,GB,Gabon,0.38,9.45,LIBREVILLE,26.23125
GB000004500,2002,GB,Gabon,0.38,9.45,LIBREVILLE,26.663636363636364
GB000004500,2003,GB,Gabon,0.38,9.45,LIBREVILLE,26.9125
GB000004500,2004,GB,Gabon,0.38,9.45,LIBREVILLE,26.716
GB000004500,2005,GB,Gabon,0.38,9.45,LIBREVILLE,26.83142857142857
GB000004500,2006,GB,Gabon,0.38,9.45,LIBREVILLE,26.46083333333333
GB000004500,2007,GB,Gabon,0.38,9.45,LIBREVILLE,26.851999999999997
GB000004500,2008,GB,Gabon,0.38,9.45,LIBREVILLE,26.565833333333334
GB000004500,2009,GB,Gabon,0.38,9.45,LIBREVILLE,26.74416666666667
GB000004500,2010,GB,Gabon,0.38,9.45,LIBREVILLE,26.92833333333333
GB000004500,2011,GB,Gabon,0.38,9.45,LIBREVILLE,26.656666666666666
GB000004500,2012,GB,Gabon,0.38,9.45,LIBREVILLE,26.703333333333333
GB000004500,2013,GB,Gabon,0.38,9.45,LIBREVILLE,26.738333333333333
GB000004501,1950,GB,Gabon,-0.72,8.78,PORT_GENTIL,25.159166666666668
GB000004501,1951,GB,Gabon,-0.72,8.78,PORT_GENTIL,25.22083333333333
GB000004501,1952,GB,Gabon,-0.72,8.78,PORT_GENTIL,25.520833333333332
GB000004501,1953,GB,Gabon,-0.72,8.78,PORT_GENTIL,25.525000000000002
GB000004501,1954,GB,Gabon,-0.72,8.78,PORT_GENTIL,25.0475
GB000004501,1955,GB,Gabon,-0.72,8.78,PORT_GENTIL,25.109166666666667
GB000004501,1956,GB,Gabon,-0.72,8.78,PORT_GENTIL,24.97083333333333
GB000004501,1957,GB,Gabon,-0.72,8.78,PORT_GENTIL,25.325
GB000004501,1958,GB,Gabon,-0.72,8.78,PORT_GENTIL,25.180000000000003
GB000004501,1959,GB,Gabon,-0.72,8.78,PORT_GENTIL,26.546
GB000004501,1960,GB,Gabon,-0.72,8.78,PORT_GENTIL,25.154444444444444
GB000004501,1961,GB,Gabon,-0.72,8.78,PORT_GENTIL,25.289166666666663
GB000004501,1962,GB,Gabon,-0.72,8.78,PORT_GENTIL,25.19
GB000004501,1963,GB,Gabon,-0.72,8.78,PORT_GENTIL,25.5775
GB000004501,1964,GB,Gabon,-0.72,8.78,PORT_GENTIL,25.214166666666667
GB000004501,1965,GB,Gabon,-0.72,8.78,PORT_GENTIL,25.203333333333333
GB000004501,1966,GB,Gabon,-0.72,8.78,PORT_GENTIL,25.643333333333334
GB000004501,1967,GB,Gabon,-0.72,8.78,PORT_GENTIL,25.177777777777777
GB000004501,1973,GB,Gabon,-0.72,8.78,PORT_GENTIL,24.706666666666667
GB000004501,1974,GB,Gabon,-0.72,8.78,PORT_GENTIL,24.995
GB000004501,1975,GB,Gabon,-0.72,8.78,PORT_GENTIL,24.999166666666667
GB000004501,1976,GB,Gabon,-0.72,8.78,PORT_GENTIL,24.60181818181818
GB000004501,1977,GB,Gabon,-0.72,8.78,PORT_GENTIL,25.349166666666665
GB000004501,1978,GB,Gabon,-0.72,8.78,PORT_GENTIL,25.23909090909091
GB000004501,1979,GB,Gabon,-0.72,8.78,PORT_GENTIL,26.726666666666663
GB000004501,1983,GB,Gabon,-0.72,8.78,PORT_GENTIL,25.42
GB000004501,1984,GB,Gabon,-0.72,8.78,PORT_GENTIL,25.92142857142857
GB000004501,1985,GB,Gabon,-0.72,8.78,PORT_GENTIL,24.8575
GB000004501,1986,GB,Gabon,-0.72,8.78,PORT_GENTIL,25.237272727272728
GB000004501,1987,GB,Gabon,-0.72,8.78,PORT_GENTIL,25.616666666666664
GB000004501,1988,GB,Gabon,-0.72,8.78,PORT_GENTIL,25.57888888888889
GB000004501,1989,GB,Gabon,-0.72,8.78,PORT_GENTIL,25.242
GB000004501,1992,GB,Gabon,-0.72,8.78,PORT_GENTIL,25.213333333333335
GB000004501,1993,GB,Gabon,-0.72,8.78,PORT_GENTIL,25.98
GB000004501,1994,GB,Gabon,-0.72,8.78,PORT_GENTIL,25.296
GB000004501,1996,GB,Gabon,-0.72,8.78,PORT_GENTIL,22.985
GB000004501,1997,GB,Gabon,-0.72,8.78,PORT_GENTIL,26.87
GB000004501,1998,GB,Gabon,-0.72,8.78,PORT_GENTIL,26.55875
GB000004501,1999,GB,Gabon,-0.72,8.78,PORT_GENTIL,26.093333333333334
GB000004501,2000,GB,Gabon,-0.72,8.78,PORT_GENTIL,25.345454545454547
GB000004501,2001,GB,Gabon,-0.72,8.78,PORT_GENTIL,25.1275
GB000004501,2002,GB,Gabon,-0.72,8.78,PORT_GENTIL,25.914166666666663
GB000004501,2003,GB,Gabon,-0.72,8.78,PORT_GENTIL,26.172727272727272
GB000004501,2004,GB,Gabon,-0.72,8.78,PORT_GENTIL,26.185454545454547
GB000004501,2005,GB,Gabon,-0.72,8.78,PORT_GENTIL,25.831
GB000004501,2006,GB,Gabon,-0.72,8.78,PORT_GENTIL,26.261666666666667
GB000004501,2007,GB,Gabon,-0.72,8.78,PORT_GENTIL,26.39363636363636
GB000004501,2008,GB,Gabon,-0.72,8.78,PORT_GENTIL,26.051666666666666
GB000004501,2009,GB,Gabon,-0.72,8.78,PORT_GENTIL,26.157999999999998
GB000004501,2010,GB,Gabon,-0.72,8.78,PORT_GENTIL,26.51181818181818
GB000004501,2011,GB,Gabon,-0.72,8.78,PORT_GENTIL,26.287499999999998
GB000004501,2012,GB,Gabon,-0.72,8.78,PORT_GENTIL,26.51
GB000004501,2013,GB,Gabon,-0.72,8.78,PORT_GENTIL,26.252499999999998
GB000004501,2014,GB,Gabon,-0.72,8.78,PORT_GENTIL,26.385
GB000004501,2015,GB,Gabon,-0.72,8.78,PORT_GENTIL,26.430833333333336
GB000004501,2016,GB,Gabon,-0.72,8.78,PORT_GENTIL,27.05181818181818
GB000004501,2017,GB,Gabon,-0.72,8.78,PORT_GENTIL,26.736363636363638
GB000004501,2018,GB,Gabon,-0.72,8.78,PORT_GENTIL,26.875555555555554
GB000004501,2019,GB,Gabon,-0.72,8.78,PORT_GENTIL,26.860833333333332
GB000004501,2020,GB,Gabon,-0.72,8.78,PORT_GENTIL,27.131666666666664
GB000004501,2021,GB,Gabon,-0.72,8.78,PORT_GENTIL,27.13181818181818
GB000004501,2022,GB,Gabon,-0.72,8.78,PORT_GENTIL,26.820833333333336
GB000004501,2023,GB,Gabon,-0.72,8.78,PORT_GENTIL,26.738333333333333
GB000004501,2024,GB,Gabon,-0.72,8.78,PORT_GENTIL,27.544166666666666
GB000004501,2025,GB,Gabon,-0.72,8.78,PORT_GENTIL,26.90111111111111
GB000004553,1950,GB,Gabon,-1.63,13.57,FRANCEVILLE,24.28
GB000004553,1955,GB,Gabon,-1.63,13.57,FRANCEVILLE,24.189090909090908
GB000004553,1956,GB,Gabon,-1.63,13.57,FRANCEVILLE,24.451666666666668
GB000004553,1957,GB,Gabon,-1.63,13.57,FRANCEVILLE,24.6675
GB000004553,1958,GB,Gabon,-1.63,13.57,FRANCEVILLE,24.546666666666667
GB000004553,1959,GB,Gabon,-1.63,13.57,FRANCEVILLE,25.50333333333333
GB000004553,1961,GB,Gabon,-1.63,13.57,FRANCEVILLE,24.381666666666664
GB000004553,1962,GB,Gabon,-1.63,13.57,FRANCEVILLE,24.699166666666667
GB000004553,1963,GB,Gabon,-1.63,13.57,FRANCEVILLE,24.823333333333334
GB000004553,1964,GB,Gabon,-1.63,13.57,FRANCEVILLE,24.655
GB000004553,1965,GB,Gabon,-1.63,13.57,FRANCEVILLE,24.596666666666668
GB000004553,1966,GB,Gabon,-1.63,13.57,FRANCEVILLE,24.99
GB000004553,1967,GB,Gabon,-1.63,13.57,FRANCEVILLE,24.613333333333333
GB000004553,1968,GB,Gabon,-1.63,13.57,FRANCEVILLE,24.781666666666666
GB000004553,1969,GB,Gabon,-1.63,13.57,FRANCEVILLE,24.613
GB000004553,1970,GB,Gabon,-1.63,13.57,FRANCEVILLE,24.826
IN004102500,1950,IN,India,25.6,85.1,PATNA,24.19666666666667
IN004102500,1951,IN,India,25.6,85.1,PATNA,25.885555555555555
IN004102500,1953,IN,India,25.6,85.1,PATNA,25.50142857142857
IN004102500,1954,IN,India,25.6,85.1,PATNA,24.69666666666667
IN004102500,1955,IN,India,25.6,85.1,PATNA,24.605
IN004102500,1956,IN,India,25.6,85.1,PATNA,24.338333333333335
IN004102500,1957,IN,India,25.6,85.1,PATNA,24.963333333333335
IN004102500,1958,IN,India,25.6,85.1,PATNA,25.471666666666664
IN004102500,1959,IN,India,25.6,85.1,PATNA,24.471666666666664
IN004102500,1962,IN,India,25.6,85.1,PATNA,23.432
IN004102500,1963,IN,India,25.6,85.1,PATNA,24.708333333333332
IN004102500,1964,IN,India,25.6,85.1,PATNA,24.441666666666666
IN004102500,1965,IN,India,25.6,85.1,PATNA,24.616666666666664
IN004102500,1966,IN,India,25.6,85.1,PATNA,25.441666666666666
IN004102500,1967,IN,India,25.6,85.1,PATNA,24.816666666666666
IN004102500,1968,IN,India,25.6,85.1,PATNA,24.09166666666667
IN004102500,1969,IN,India,25.6,85.1,PATNA,24.883333333333336
IN004102500,1970,IN,India,25.6,85.1,PATNA,24.29090909090909
IN004102500,1971,IN,India,25.6,85.1,PATNA,23.666666666666668
IN004102500,1972,IN,India,25.6,85.1,PATNA,24.433333333333334
IN004102500,1973,IN,India,25.6,85.1,PATNA,24.10909090909091
IN004102500,1974,IN,India,25.6,85.1,PATNA,23.509999999999998
IN004102500,1975,IN,India,25.6,85.1,PATNA,23.04125
IN004102500,1976,IN,India,25.6,85.1,PATNA,24.08111111111111
IN004102500,1977,IN,India,25.6,85.1,PATNA,25.098181818181818
IN004102500,1978,IN,India,25.6,85.1,PATNA,24.94181818181818
IN004102500,1979,IN,India,25.6,85.1,PATNA,25.11916666666667
IN004102500,1980,IN,India,25.6,85.1,PATNA,24.879166666666666
IN004102500,1981,IN,India,25.6,85.1,PATNA,24.373333333333335
IN004102500,1982,IN,India,25.6,85.1,PATNA,24.685833333333335
IN004102500,1983,IN,India,25.6,85.1,PATNA,24.237272727272728
IN004102500,1984,IN,India,25.6,85.1,PATNA,23.875454545454545
IN004102500,1985,IN,India,25.6,85.1,PATNA,24.587272727272726
IN004102500,1986,IN,India,25.6,85.1,PATNA,24.644
IN004102500,1987,IN,India,25.6,85.1,PATNA,25.005
IN004102500,1988,IN,India,25.6,85.1,PATNA,25.47
IN004102500,1989,IN,India,25.6,85.1,PATNA,23.85375
IN004102500,1990,IN,India,25.6,85.1,PATNA,23.70909090909091
IN004102500,1991,IN,India,25.6,85.1,PATNA,23.683
IN004102500,1992,IN,India,25.6,85.1,PATNA,24.825833333333335
IN004102500,1993,IN,India,25.6,85.1,PATNA,24.52333333333333
IN004102500,1994,IN,India,25.6,85.1,PATNA,24.848333333333333
IN004102500,1995,IN,India,25.6,85.1,PATNA,25.11
IN004102500,1996,IN,India,25.6,85.1,PATNA,25.048333333333332
IN004102500,1997,IN,India,25.6,85.1,PATNA,24.840833333333336
IN004102500,1998,IN,India,25.6,85.1,PATNA,25.4225
IN004102500,1999,IN,India,25.6,85.1,PATNA,25.16
IN004102500,2000,IN,India,25.6,85.1,PATNA,24.88083333333333
IN004102500,2001,IN,India,25.6,85.1,PATNA,25.493333333333336
IN004102500,2002,IN,India,25.6,85.1,PATNA,25.368333333333336
IN004102500,2003,IN,India,25.6,85.1,PATNA,25.24
IN004102500,2004,IN,India,25.6,85.1,PATNA,25.132499999999997
IN004102500,2005,IN,India,25.6,85.1,PATNA,25.604166666666668
IN004102500,2006,IN,India,25.6,85.1,PATNA,25.464166666666667
IN004102500,2007,IN,India,25.6,85.1,PATNA,24.785
IN004102500,2008,IN,India,25.6,85.1,PATNA,24.913333333333338
IN004102500,2009,IN,India,25.6,85.1,PATNA,25.858333333333334
IN004102500,2010,IN,India,25.6,85.1,PATNA,25.33090909090909
IN004102500,2011,IN,India,25.6,85.1,PATNA,24.796666666666667
IN004102500,2012,IN,India,25.6,85.1,PATNA,25.525833333333335
IN004102500,2013,IN,India,25.6,85.1,PATNA,25.01
IN004102500,2014,IN,India,25.6,85.1,PATNA,25.050833333333333
IN004102500,2015,IN,India,25.6,85.1,PATNA,25.784166666666668
IN004102500,2016,IN,India,25.6,85.1,PATNA,21.560000000000002
IN004102500,2017,IN,India,25.6,85.1,PATNA,27.46375
IN004102500,2018,IN,India,25.6,85.1,PATNA,25.573333333333334
IN004102500,2019,IN,India,25.6,85.1,PATNA,25.576666666666668
IN004102500,2020,IN,India,25.6,85.1,PATNA,24.06833333333333
IN004102500,2021,IN,India,25.6,85.1,PATNA,22.758000000000003
IN004102500,2022,IN,India,25.6,85.1,PATNA,25.540833333333335
IN004102500,2023,IN,India,25.6,85.1,PATNA,27.367500000000003
IN004102500,2024,IN,India,25.6,85.1,PATNA,27.01090909090909
IN004102500,2025,IN,India,25.6,85.1,PATNA,26.76571428571429
IN011060800,1957,IN,India,22.767,81.9,PENDRA_ROAD,22.971666666666664
IN011060800,1958,IN,India,22.767,81.9,PENDRA_ROAD,24.110833333333332
IN011060800,1961,IN,India,22.767,81.9,PENDRA_ROAD,23.080000000000002
IN011060800,1962,IN,India,22.767,81.9,PENDRA_ROAD,23.379166666666666
IN011060800,1974,IN,India,22.767,81.9,PENDRA_ROAD,27.183333333333334
IN011060800,1975,IN,India,22.767,81.9,PENDRA_ROAD,18.03
IN011060800,1976,IN,India,22.767,81.9,PENDRA_ROAD,22.540000000000003
IN011060800,1977,IN,India,22.767,81.9,PENDRA_ROAD,23.267142857142858
IN011060800,1978,IN,India,22.767,81.9,PENDRA_ROAD,21.70375
IN011060800,1979,IN,India,22.767,81.9,PENDRA_ROAD,24.287
IN011060800,1980,IN,India,22.767,81.9,PENDRA_ROAD,23.004444444444445
IN011060800,1981,IN,India,22.767,81.9,PENDRA_ROAD,23.347
IN011060800,1984,IN,India,22.767,81.9,PENDRA_ROAD,26.759999999999998
IN011060800,1985,IN,India,22.767,81.9,PENDRA_ROAD,24.070000000000004
IN011060800,1986,IN,India,22.767,81.9,PENDRA_ROAD,24.25875
IN011060800,1987,IN,India,22.767,81.9,PENDRA_ROAD,25.189999999999998
IN011060800,1988,IN,India,22.767,81.9,PENDRA_ROAD,24.082727272727276
IN011060800,1989,IN,India,22.767,81.9,PENDRA_ROAD,21.62125
IN011060800,1990,IN,India,22.767,81.9,PENDRA_ROAD,24.125555555555554
IN011060800,1991,IN,India,22.767,81.9,PENDRA_ROAD,23.14090909090909
IN011060800,1992,IN,India,22.767,81.9,PENDRA_ROAD,24.848
IN011060800,1993,IN,India,22.767,81.9,PENDRA_ROAD,25.27
IN011060800,1994,IN,India,22.767,81.9,PENDRA_ROAD,23.957142857142856
IN011060800,1995,IN,India,22.767,81.9,PENDRA_ROAD,23.7825
IN011060800,1996,IN,India,22.767,81.9,PENDRA_ROAD,25.555
IN011060800,1997,IN,India,22.767,81.9,PENDRA_ROAD,23.176
IN011060800,1998,IN,India,22.767,81.9,PENDRA_ROAD,24.757272727272724
IN011060800,1999,IN,India,22.767,81.9,PENDRA_ROAD,24.472
IN011060800,2000,IN,India,22.767,81.9,PENDRA_ROAD,24.21
IN011060800,2001,IN,India,22.767,81.9,PENDRA_ROAD,24.209166666666665
IN011060800,2002,IN,India,22.767,81.9,PENDRA_ROAD,24.627272727272725
IN011060800,2003,IN,India,22.767,81.9,PENDRA_ROAD,25.13181818181818
IN011060800,2004,IN,India,22.767,81.9,PENDRA_ROAD,24.99
IN011060800,2005,IN,India,22.767,81.9,PENDRA_ROAD,25.90222222222222
IN011060800,2008,IN,India,22.767,81.9,PENDRA_ROAD,24.845454545454547
IN011060800,2009,IN,India,22.767,81.9,PENDRA_ROAD,25.090833333333332
IN011060800,2010,IN,India,22.767,81.9,PENDRA_ROAD,24.871666666666666
IN011060800,2011,IN,India,22.767,81.9,PENDRA_ROAD,23.97
IN011060800,2012,IN,India,22.767,81.9,PENDRA_ROAD,24.625
IN011060800,2013,IN,India,22.767,81.9,PENDRA_ROAD,24.223333333333333
IN011060800,2014,IN,India,22.767,81.9,PENDRA_ROAD,24.22083333333333
IN011060800,2015,IN,India,22.767,81.9,PENDRA_ROAD,24.46666666666667
IN011060800,2016,IN,India,22.767,81.9,PENDRA_ROAD,24.826666666666668
IN011060800,2017,IN,India,22.767,81.9,PENDRA_ROAD,25.143333333333334
IN011060800,2018,IN,India,22.767,81.9,PENDRA_ROAD,24.5
IN011060800,2019,IN,India,22.767,81.9,PENDRA_ROAD,24.523333333333337
IN011060800,2020,IN,India,22.767,81.9,PENDRA_ROAD,23.688333333333333
IN011060800,2021,IN,India,22.767,81.9,PENDRA_ROAD,24.238333333333333
IN011060800,2022,IN,India,22.767,81.9,PENDRA_ROAD,24.531666666666666
IN011060800,2023,IN,India,22.767,81.9,PENDRA_ROAD,24.768333333333334
IN011060800,2024,IN,India,22.767,81.9,PENDRA_ROAD,24.889166666666668
IN011060800,2025,IN,India,22.767,81.9,PENDRA_ROAD,25.93285714285714
IN011150300,1957,IN,India,26.233,78.25,GWALIOR,24.861666666666665
IN011150300,1958,IN,India,26.233,78.25,GWALIOR,25.758333333333336
IN011150300,1961,IN,India,26.233,78.25,GWALIOR,18.666666666666668
IN011150300,1962,IN,India,26.233,78.25,GWALIOR,24.77
IN011150300,1973,IN,India,26.233,78.25,GWALIOR,25.202727272727273
IN011150300,1974,IN,India,26.233,78.25,GWALIOR,25.012727272727272
IN011150300,1975,IN,India,26.233,78.25,GWALIOR,24.59909090909091
IN011150300,1976,IN,India,26.233,78.25,GWALIOR,22.485
IN011150300,1977,IN,India,26.233,78.25,GWALIOR,25.545833333333334
IN011150300,1978,IN,India,26.233,78.25,GWALIOR,25.388333333333335
IN011150300,1979,IN,India,26.233,78.25,GWALIOR,25.686363636363637
IN011150300,1980,IN,India,26.233,78.25,GWALIOR,25.124
IN011150300,1981,IN,India,26.233,78.25,GWALIOR,25.765
IN011150300,1982,IN,India,26.233,78.25,GWALIOR,25.17
IN011150300,1983,IN,India,26.233,78.25,GWALIOR,24.520833333333332
IN011150300,1984,IN,India,26.233,78.25,GWALIOR,24.567
IN011150300,1985,IN,India,26.233,78.25,GWALIOR,24.69888888888889
IN011150300,1986,IN,India,26.233,78.25,GWALIOR,25.419999999999998
IN011150300,1987,IN,India,26.233,78.25,GWALIOR,25.396250000000002
IN011150300,1988,IN,India,26.233,78.25,GWALIOR,28.092000000000002
IN011150300,1989,IN,India,26.233,78.25,GWALIOR,24.334545454545456
IN011150300,1990,IN,India,26.233,78.25,GWALIOR,25.462
IN011150300,1991,IN,India,26.233,78.25,GWALIOR,25.627499999999998
IN011150300,1992,IN,India,26.233,78.25,GWALIOR,26.319999999999997
IN011150300,1993,IN,India,26.233,78.25,GWALIOR,22.495714285714286
IN011150300,1994,IN,India,26.233,78.25,GWALIOR,26.168888888888887
IN011150300,1995,IN,India,26.233,78.25,GWALIOR,26.369999999999997
IN011150300,1996,IN,India,26.233,78.25,GWALIOR,27.060000000000002
IN011150300,1997,IN,India,26.233,78.25,GWALIOR,24.113636363636363
IN011150300,1998,IN,India,26.233,78.25,GWALIOR,26.677272727272726
IN011150300,1999,IN,India,26.233,78.25,GWALIOR,27.868571428571425
IN011150300,2000,IN,India,26.233,78.25,GWALIOR,26.11
IN011150300,2001,IN,India,26.233,78.25,GWALIOR,25.295454545454547
IN011150300,2002,IN,India,26.233,78.25,GWALIOR,26.152727272727272
IN011150300,2003,IN,India,26.233,78.25,GWALIOR,25.6925
IN011150300,2004,IN,India,26.233,78.25,GWALIOR,25.34
IN011150300,2005,IN,India,26.233,78.25,GWALIOR,25.689999999999998
IN011150300,2006,IN,India,26.233,78.25,GWALIOR,26.598333333333333
IN011150300,2007,IN,India,26.233,78.25,GWALIOR,26.153333333333336
IN011150300,2008,IN,India,26.233,78.25,GWALIOR,25.613333333333333
IN011150300,2009,IN,India,26.233,78.25,GWALIOR,26.578333333333333
IN011150300,2010,IN,India,26.233,78.25,GWALIOR,25.886363636363637
IN011150300,2011,IN,India,26.233,78.25,GWALIOR,25.38083333333333
IN011150300,2012,IN,India,26.233,78.25,GWALIOR,25.515833333333333
IN011150300,2013,IN,India,26.233,78.25,GWALIOR,25.251666666666665
IN011150300,2014,IN,India,26.233,78.25,GWALIOR,25.570833333333336
IN011150300,2016,IN,India,26.233,78.25,GWALIOR,24.046
IN011150300,2017,IN,India,26.233,78.25,GWALIOR,25.569166666666664
IN011150300,2018,IN,India,26.233,78.25,GWALIOR,25.84583333333333
IN011150300,2019,IN,India,26.233,78.25,GWALIOR,25.109166666666667
IN011150300,2020,IN,India,26.233,78.25,GWALIOR,25.116666666666664
IN011150300,2021,IN,India,26.233,78.25,GWALIOR,25.27416666666667
IN011150300,2022,IN,India,26.233,78.25,GWALIOR,25.965
IN011150300,2023,IN,India,26.233,78.25,GWALIOR,25.0725
IN011150300,2024,IN,India,26.233,78.25,GWALIOR,25.54416666666667
IN011150300,2025,IN,India,26.233,78.25,GWALIOR,26.109999999999996
MX000005023,1950,MX,Mexico,29.15,-100.98,PALESTINA,19.488
MX000005023,1951,MX,Mexico,29.15,-100.98,PALESTINA,18.755714285714284
MX000005023,1953,MX,Mexico,29.15,-100.98,PALESTINA,22.09714285714286
MX000005023,1954,MX,Mexico,29.15,-100.98,PALESTINA,16.201666666666664
MX000005023,1956,MX,Mexico,29.15,-100.98,PALESTINA,19.24083333333333
MX000005023,1957,MX,Mexico,29.15,-100.98,PALESTINA,18.705000000000002
MX000005023,1958,MX,Mexico,29.15,-100.98,PALESTINA,17.809166666666666
MX000005023,1959,MX,Mexico,29.15,-100.98,PALESTINA,18.1375
MX000005023,1960,MX,Mexico,29.15,-100.98,PALESTINA,18.453333333333333
MX000005023,1961,MX,Mexico,29.15,-100.98,PALESTINA,18.16
MX000005023,1962,MX,Mexico,29.15,-100.98,PALESTINA,19.416666666666668
MX000005023,1963,MX,Mexico,29.15,-100.98,PALESTINA,20.092727272727274
MX000005023,1964,MX,Mexico,29.15,-100.98,PALESTINA,19.913333333333334
MX000005023,1965,MX,Mexico,29.15,-100.98,PALESTINA,19.848181818181818
MX000005023,1966,MX,Mexico,29.15,-100.98,PALESTINA,18.970909090909092
MX000005023,1967,MX,Mexico,29.15,-100.98,PALESTINA,19.081666666666667
MX000005023,1968,MX,Mexico,29.15,-100.98,PALESTINA,17.945833333333333
MX000005023,1969,MX,Mexico,29.15,-100.98,PALESTINA,19.87181818181818
MX000005023,1970,MX,Mexico,29.15,-100.98,PALESTINA,17.8425
MX000005023,1971,MX,Mexico,29.15,-100.98,PALESTINA,19.32375
MX000005023,1974,MX,Mexico,29.15,-100.98,PALESTINA,9.575
MX000005023,1975,MX,Mexico,29.15,-100.98,PALESTINA,17.731
MX000005023,1976,MX,Mexico,29.15,-100.98,PALESTINA,18.633
MX000005023,1977,MX,Mexico,29.15,-100.98,PALESTINA,18.833333333333332
MX000005023,1978,MX,Mexico,29.15,-100.98,PALESTINA,20.02
MX000005023,1979,MX,Mexico,29.15,-100.98,PALESTINA,18.696363636363635
MX000005023,1980,MX,Mexico,29.15,-100.98,PALESTINA,14.58
MX000005023,1981,MX,Mexico,29.15,-100.98,PALESTINA,19.122
MX000005023,1982,MX,Mexico,29.15,-100.98,PALESTINA,8.39
MX000005023,1987,MX,Mexico,29.15,-100.98,PALESTINA,18.567272727272726
MX000005023,1988,MX,Mexico,29.15,-100.98,PALESTINA,19.848181818181818
MX000005023,1989,MX,Mexico,29.15,-100.98,PALESTINA,13.3825
MX000005023,1990,MX,Mexico,29.15,-100.98,PALESTINA,19.127
MX000019042,1950,MX,Mexico,25.7,-99.63,LOS_RAMONES,25.081818181818186
MX000019042,1951,MX,Mexico,25.7,-99.63,LOS_RAMONES,23.9025
MX000019042,1952,MX,Mexico,25.7,-99.63,LOS_RAMONES,23.565833333333334
MX000019042,1953,MX,Mexico,25.7,-99.63,LOS_RAMONES,24.510833333333334
MX000019042,1954,MX,Mexico,25.7,-99.63,LOS_RAMONES,24.334166666666665
MX000019042,1955,MX,Mexico,25.7,-99.63,LOS_RAMONES,23.99
MX000019042,1956,MX,Mexico,25.7,-99.63,LOS_RAMONES,24.251666666666665
MX000019042,1957,MX,Mexico,25.7,-99.63,LOS_RAMONES,24.31833333333333
MX000019042,1958,MX,Mexico,25.7,-99.63,LOS_RAMONES,23.063333333333333
MX000019042,1959,MX,Mexico,25.7,-99.63,LOS_RAMONES,22.956666666666667
MX000019042,1960,MX,Mexico,25.7,-99.63,LOS_RAMONES,23.2
MX000019042,1961,MX,Mexico,25.7,-99.63,LOS_RAMONES,23.265
MX000019042,1962,MX,Mexico,25.7,-99.63,LOS_RAMONES,24.361666666666668
MX000019042,1963,MX,Mexico,25.7,-99.63,LOS_RAMONES,23.811666666666667
MX000019042,1964,MX,Mexico,25.7,-99.63,LOS_RAMONES,23.44666666666667
MX000019042,1965,MX,Mexico,25.7,-99.63,LOS_RAMONES,23.570833333333336
MX000019042,1966,MX,Mexico,25.7,-99.63,LOS_RAMONES,22.66
MX000019042,1967,MX,Mexico,25.7,-99.63,LOS_RAMONES,23.275000000000002
MX000019042,1968,MX,Mexico,25.7,-99.63,LOS_RAMONES,22.555833333333336
MX000019042,1969,MX,Mexico,25.7,-99.63,LOS_RAMONES,23.921818181818182
MX000019042,1970,MX,Mexico,25.7,-99.63,LOS_RAMONES,22.569999999999997
MX000019042,1971,MX,Mexico,25.7,-99.63,LOS_RAMONES,23.885833333333334
MX000019042,1972,MX,Mexico,25.7,-99.63,LOS_RAMONES,23.554166666666664
MX000019042,1973,MX,Mexico,25.7,-99.63,LOS_RAMONES,23.875999999999998
MX000019042,1974,MX,Mexico,25.7,-99.63,LOS_RAMONES,18.436666666666667
MX000019042,1976,MX,Mexico,25.7,-99.63,LOS_RAMONES,15.713333333333333
MX000019042,1977,MX,Mexico,25.7,-99.63,LOS_RAMONES,23.235833333333332
MX000019042,1978,MX,Mexico,25.7,-99.63,LOS_RAMONES,23.156666666666666
MX000019042,1979,MX,Mexico,25.7,-99.63,LOS_RAMONES,22.9225
MX000019042,1980,MX,Mexico,25.7,-99.63,LOS_RAMONES,23.793333333333333
MX000019042,1981,MX,Mexico,25.7,-99.63,LOS_RAMONES,23.043333333333333
MX000019042,1982,MX,Mexico,25.7,-99.63,LOS_RAMONES,23.813333333333333
MX000019042,1983,MX,Mexico,25.7,-99.63,LOS_RAMONES,22.48
MX000019042,1984,MX,Mexico,25.7,-99.63,LOS_RAMONES,22.934
MX000019042,1985,MX,Mexico,25.7,-99.63,LOS_RAMONES,23.672727272727272
MX000019042,1986,MX,Mexico,25.7,-99.63,LOS_RAMONES,23.38125
MX000019042,1987,MX,Mexico,25.7,-99.63,LOS_RAMONES,22.290833333333335
MX000019042,1988,MX,Mexico,25.7,-99.63,LOS_RAMONES,23.486363636363638
MX000019042,1989,MX,Mexico,25.7,-99.63,LOS_RAMONES,23.425
MX000019042,1990,MX,Mexico,25.7,-99.63,LOS_RAMONES,24.349999999999998
MX000019042,1991,MX,Mexico,25.7,-99.63,LOS_RAMONES,24.066666666666666
MX000019042,1992,MX,Mexico,25.7,-99.63,LOS_RAMONES,23.6675
MX000019042,1993,MX,Mexico,25.7,-99.63,LOS_RAMONES,23.675833333333333
MX000019042,1994,MX,Mexico,25.7,-99.63,LOS_RAMONES,24.249166666666667
MX000019042,1995,MX,Mexico,25.7,-99.63,LOS_RAMONES,24.324166666666667
MX000019042,1996,MX,Mexico,25.7,-99.63,LOS_RAMONES,24.416666666666668
MX000019042,1997,MX,Mexico,25.7,-99.63,LOS_RAMONES,23.260833333333334
MX000019042,1998,MX,Mexico,25.7,-99.63,LOS_RAMONES,25.373333333333335
MX000019042,2000,MX,Mexico,25.7,-99.63,LOS_RAMONES,26.494
MX000019042,2001,MX,Mexico,25.7,-99.63,LOS_RAMONES,20.558
MX000031011,1952,MX,Mexico,20.85,-88.53,DZITAS,27.389999999999997
MX000031011,1953,MX,Mexico,20.85,-88.53,DZITAS,28.256666666666664
MX000031011,1954,MX,Mexico,20.85,-88.53,DZITAS,27.415833333333335
MX000031011,1955,MX,Mexico,20.85,-88.53,DZITAS,27.742499999999996
MX000031011,1956,MX,Mexico,20.85,-88.53,DZITAS,27.430000000000003
MX000031011,1957,MX,Mexico,20.85,-88.53,DZITAS,27.662499999999998
MX000031011,1958,MX,Mexico,20.85,-88.53,DZITAS,27.688333333333333
MX000031011,1959,MX,Mexico,20.85,-88.53,DZITAS,27.502499999999998
MX000031011,1960,MX,Mexico,20.85,-88.53,DZITAS,27.38
MX000031011,1961,MX,Mexico,20.85,-88.53,DZITAS,27.622500000000002
MX000031011,1962,MX,Mexico,20.85,-88.53,DZITAS,27.339166666666667
MX000031011,1964,MX,Mexico,20.85,-88.53,DZITAS,27.691666666666666
MX000031011,1965,MX,Mexico,20.85,-88.53,DZITAS,27.610833333333332
MX000031011,1966,MX,Mexico,20.85,-88.53,DZITAS,26.9525
MX000031011,1967,MX,Mexico,20.85,-88.53,DZITAS,27.751666666666665
MX000031011,1968,MX,Mexico,20.85,-88.53,DZITAS,26.125999999999998
MX000031011,1970,MX,Mexico,20.85,-88.53,DZITAS,27.845999999999997
MX000031011,1971,MX,Mexico,20.85,-88.53,DZITAS,27.749166666666667
MX000031011,1972,MX,Mexico,20.85,-88.53,DZITAS,28.2375
MX000031011,1973,MX,Mexico,20.85,-88.53,DZITAS,28.113333333333333
MX000031011,1974,MX,Mexico,20.85,-88.53,DZITAS,27.795833333333334
MX000031011,1975,MX,Mexico,20.85,-88.53,DZITAS,27.985
MX000031011,1976,MX,Mexico,20.85,-88.53,DZITAS,28.00583333333333
MX000031011,1977,MX,Mexico,20.85,-88.53,DZITAS,27.768333333333334
MX000031011,1978,MX,Mexico,20.85,-88.53,DZITAS,27.996666666666666
MX000031011,1979,MX,Mexico,20.85,-88.53,DZITAS,28.063333333333333
MX000031011,1980,MX,Mexico,20.85,-88.53,DZITAS,28.3275
MX000031011,1981,MX,Mexico,20.85,-88.53,DZITAS,26.381999999999998
MX000031011,1982,MX,Mexico,20.85,-88.53,DZITAS,28.208750000000002
MX000031011,1983,MX,Mexico,20.85,-88.53,DZITAS,27.894444444444446
MX000031011,1984,MX,Mexico,20.85,-88.53,DZITAS,28.095
MX000031011,1985,MX,Mexico,20.85,-88.53,DZITAS,28.218333333333334
MX000031011,1986,MX,Mexico,20.85,-88.53,DZITAS,27.64
MX000031011,1987,MX,Mexico,20.85,-88.53,DZITAS,27.288
MX000031011,1991,MX,Mexico,20.85,-88.53,DZITAS,29.22555555555555
MX000031011,1992,MX,Mexico,20.85,-88.53,DZITAS,26.479999999999997
MX000031011,1993,MX,Mexico,20.85,-88.53,DZITAS,28.65285714285714
MX000031011,1994,MX,Mexico,20.85,-88.53,DZITAS,28.452999999999996
MX000031011,1995,MX,Mexico,20.85,-88.53,DZITAS,27.90777777777778
MX000031011,1996,MX,Mexico,20.85,-88.53,DZITAS,28.399
MX000031011,1997,MX,Mexico,20.85,-88.53,DZITAS,28.566363636363636
MX000031011,1998,MX,Mexico,20.85,-88.53,DZITAS,28.561111111111114
MX000031011,1999,MX,Mexico,20.85,-88.53,DZITAS,27.72222222222222
MX000031011,2000,MX,Mexico,20.85,-88.53,DZITAS,28.266666666666666
USC00419715,1950,US,United States,31.8611,-97.375,WHITNEY_DAM,14.409999999999998
USC00419715,1951,US,United States,31.8611,-97.375,WHITNEY_DAM,19.485
USC00419715,1952,US,United States,31.8611,-97.375,WHITNEY_DAM,19.355833333333333
USC00419715,1953,US,United States,31.8611,-97.375,WHITNEY_DAM,18.971666666666668
USC00419715,1954,US,United States,31.8611,-97.375,WHITNEY_DAM,20.280833333333334
USC00419715,1955,US,United States,31.8611,-97.375,WHITNEY_DAM,19.06
USC00419715,1956,US,United States,31.8611,-97.375,WHITNEY_DAM,19.753333333333334
USC00419715,1957,US,United States,31.8611,-97.375,WHITNEY_DAM,18.503333333333334
USC00419715,1958,US,United States,31.8611,-97.375,WHITNEY_DAM,18.113333333333333
USC00419715,1959,US,United States,31.8611,-97.375,WHITNEY_DAM,18.07
USC00419715,1960,US,United States,31.8611,-97.375,WHITNEY_DAM,18.349999999999998
USC00419715,1961,US,United States,31.8611,-97.375,WHITNEY_DAM,18.160833333333333
USC00419715,1962,US,United States,31.8611,-97.375,WHITNEY_DAM,19.139166666666664
USC00419715,1963,US,United States,31.8611,-97.375,WHITNEY_DAM,19.26
USC00419715,1964,US,United States,31.8611,-97.375,WHITNEY_DAM,18.839166666666667
USC00419715,1965,US,United States,31.8611,-97.375,WHITNEY_DAM,19.109166666666667
USC00419715,1966,US,United States,31.8611,-97.375,WHITNEY_DAM,18.1675
USC00419715,1967,US,United States,31.8611,-97.375,WHITNEY_DAM,18.908333333333335
USC00419715,1968,US,United States,31.8611,-97.375,WHITNEY_DAM,17.9375
USC00419715,1969,US,United States,31.8611,-97.375,WHITNEY_DAM,18.7375
USC00419715,1970,US,United States,31.8611,-97.375,WHITNEY_DAM,18.36583333333333
USC00419715,1971,US,United States,31.8611,-97.375,WHITNEY_DAM,19.118333333333336
USC00419715,1972,US,United States,31.8611,-97.375,WHITNEY_DAM,18.753333333333334
USC00419715,1973,US,United States,31.8611,-97.375,WHITNEY_DAM,18.381666666666664
USC00419715,1974,US,United States,31.8611,-97.375,WHITNEY_DAM,17.751818181818184
USC00419715,1975,US,United States,31.8611,-97.375,WHITNEY_DAM,17.48909090909091
USC00419715,1976,US,United States,31.8611,-97.375,WHITNEY_DAM,17.675
USC00419715,1977,US,United States,31.8611,-97.375,WHITNEY_DAM,19.365
USC00419715,1978,US,United States,31.8611,-97.375,WHITNEY_DAM,18.386666666666667
USC00419715,1979,US,United States,31.8611,-97.375,WHITNEY_DAM,17.594166666666666
USC00419715,1980,US,United States,31.8611,-97.375,WHITNEY_DAM,19.125833333333333
USC00419715,1981,US,United States,31.8611,-97.375,WHITNEY_DAM,19.000833333333333
USC00419715,1982,US,United States,31.8611,-97.375,WHITNEY_DAM,19.94181818181818
USC00419715,1983,US,United States,31.8611,-97.375,WHITNEY_DAM,19.168181818181818
USC00419715,1984,US,United States,31.8611,-97.375,WHITNEY_DAM,21.488999999999997
USC00419715,1985,US,United States,31.8611,-97.375,WHITNEY_DAM,20.023636363636363
USC00419715,1986,US,United States,31.8611,-97.375,WHITNEY_DAM,19.3725
USC00419715,1987,US,United States,31.8611,-97.375,WHITNEY_DAM,19.62090909090909
USC00419715,1988,US,United States,31.8611,-97.375,WHITNEY_DAM,19.907272727272726
USC00419715,1989,US,United States,31.8611,-97.375,WHITNEY_DAM,17.9675
USC00419715,1990,US,United States,31.8611,-97.375,WHITNEY_DAM,19.32
USC00419715,1991,US,United States,31.8611,-97.375,WHITNEY_DAM,18.400000000000002
USC00419715,1992,US,United States,31.8611,-97.375,WHITNEY_DAM,18.581666666666667
USC00419715,1993,US,United States,31.8611,-97.375,WHITNEY_DAM,19.062727272727273
USC00419715,1994,US,United States,31.8611,-97.375,WHITNEY_DAM,19.093333333333334
USC00419715,1995,US,United States,31.8611,-97.375,WHITNEY_DAM,18.836666666666666
USC00419715,1996,US,United States,31.8611,-97.375,WHITNEY_DAM,18.982499999999998
USC00419715,1997,US,United States,31.8611,-97.375,WHITNEY_DAM,18.469166666666666
USC00419715,1998,US,United States,31.8611,-97.375,WHITNEY_DAM,20.230833333333333
USC00419715,1999,US,United States,31.8611,-97.375,WHITNEY_DAM,20.228333333333335
USC00419715,2000,US,United States,31.8611,-97.375,WHITNEY_DAM,19.715833333333332
USC00419715,2001,US,United States,31.8611,-97.375,WHITNEY_DAM,21.362222222222222
USC00419715,2002,US,United States,31.8611,-97.375,WHITNEY_DAM,24.974285714285713
USC00419715,2003,US,United States,31.8611,-97.375,WHITNEY_DAM,19.212727272727275
USC00419715,2004,US,United States,31.8611,-97.375,WHITNEY_DAM,19.488333333333333
USC00419715,2005,US,United States,31.8611,-97.375,WHITNEY_DAM,11.5
USC00419715,2008,US,United States,31.8611,-97.375,WHITNEY_DAM,20.456666666666667
USC00419715,2009,US,United States,31.8611,-97.375,WHITNEY_DAM,19.3275
USC00419715,2010,US,United States,31.8611,-97.375,WHITNEY_DAM,18.813636363636363
USC00419715,2011,US,United States,31.8611,-97.375,WHITNEY_DAM,20.2025
USC00419715,2012,US,United States,31.8611,-97.375,WHITNEY_DAM,20.156363636363636
USC00419715,2013,US,United States,31.8611,-97.375,WHITNEY_DAM,18.868333333333336
USC00419715,2014,US,United States,31.8611,-97.375,WHITNEY_DAM,22.635
USC00419715,2015,US,United States,31.8611,-97.375,WHITNEY_DAM,19.18125
USC00419715,2016,US,United States,31.8611,-97.375,WHITNEY_DAM,25.24
USR0000TMER,2000,US,United States,35.3208,-87.4578,MERIWETHER_LEWIS_TENNESSEE,3.5300000000000002
USR0000TMER,2001,US,United States,35.3208,-87.4578,MERIWETHER_LEWIS_TENNESSEE,4.62
USR0000TMER,2002,US,United States,35.3208,-87.4578,MERIWETHER_LEWIS_TENNESSEE,5.5725
USR0000TMER,2003,US,United States,35.3208,-87.4578,MERIWETHER_LEWIS_TENNESSEE,13.688181818181818
USR0000TMER,2004,US,United States,35.3208,-87.4578,MERIWETHER_LEWIS_TENNESSEE,10.188333333333334
USR0000TMER,2005,US,United States,35.3208,-87.4578,MERIWETHER_LEWIS_TENNESSEE,13.578571428571427
USR0000TMER,2006,US,United States,35.3208,-87.4578,MERIWETHER_LEWIS_TENNESSEE,15.435833333333333
USR0000TMER,2007,US,United States,35.3208,-87.4578,MERIWETHER_LEWIS_TENNESSEE,16.395
USR0000TMER,2008,US,United States,35.3208,-87.4578,MERIWETHER_LEWIS_TENNESSEE,14.890833333333333
USR0000TMER,2009,US,United States,35.3208,-87.4578,MERIWETHER_LEWIS_TENNESSEE,14.366363636363637
USR0000TMER,2010,US,United States,35.3208,-87.4578,MERIWETHER_LEWIS_TENNESSEE,13.507
USR0000TMER,2011,US,United States,35.3208,-87.4578,MERIWETHER_LEWIS_TENNESSEE,15.610833333333332
USR0000TMER,2012,US,United States,35.3208,-87.4578,MERIWETHER_LEWIS_TENNESSEE,16.353333333333335
USR0000TMER,2013,US,United States,35.3208,-87.4578,MERIWETHER_LEWIS_TENNESSEE,14.5525
USR0000TMER,2014,US,United States,35.3208,-87.4578,MERIWETHER_LEWIS_TENNESSEE,14.368333333333332
USR0000TMER,2016,US,United States,35.3208,-87.4578,MERIWETHER_LEWIS_TENNESSEE,16.349166666666665
USR0000TMER,2017,US,United States,35.3208,-87.4578,MERIWETHER_LEWIS_TENNESSEE,16.23
USR0000TMER,2018,US,United States,35.3208,-87.4578,MERIWETHER_LEWIS_TENNESSEE,15.754166666666665
USR0000TMER,2019,US,United States,35.3208,-87.4578,MERIWETHER_LEWIS_TENNESSEE,16.078333333333333
USR0000TMER,2020,US,United States,35.3208,-87.4578,MERIWETHER_LEWIS_TENNESSEE,15.758333333333333
USR0000TMER,2021,US,United States,35.3208,-87.4578,MERIWETHER_LEWIS_TENNESSEE,15.799166666666666
USR0000TMER,2022,US,United States,35.3208,-87.4578,MERIWETHER_LEWIS_TENNESSEE,15.449166666666665
USR0000TMER,2023,US,United States,35.3208,-87.4578,MERIWETHER_LEWIS_TENNESSEE,16.274166666666666
USR0000TMER,2024,US,United States,35.3208,-87.4578,MERIWETHER_LEWIS_TENNESSEE,16.679166666666667
USR0000TMER,2025,US,United States,35.3208,-87.4578,MERIWETHER_LEWIS_TENNESSEE,17.516666666666666
